"","Estimate","Std. Error","t value","Pr(>|t|)"
"(Intercept)",-0.0813415123159892,0.0895606053778306,-0.908228701367444,0.365985462614865
"x",1.02413969759949,0.0179497079308915,57.0560647305546,5.40578594653088e-77
