"","Estimate","Std. Error","t value","Pr(>|t|)"
"(Intercept)",0.0096203404712927,0.108423433280871,0.0887293473392529,0.929478081500767
"x",0.941463626484659,0.124295860816964,7.57437633318328,2.02932350991222e-11
