"","Estimate","Std. Error","t value","Pr(>|t|)"
"(Intercept)",-0.10989172540605,0.0967085166752862,-1.13631900461289,0.258594173811082
"x",1.15947780921263,0.0876710163109137,13.225326430581,1.60178217990175e-23
