"","Estimate","Std. Error","t value","Pr(>|t|)"
"(Intercept)",0.169125135539161,0.100216681078893,1.6875946570813,0.0946694189417144
"x",10.1196014258982,0.110799399062004,91.3326381872814,1.22428545371946e-96
