"","Estimate","Std. Error","t value","Pr(>|t|)"
"(Intercept)",0.0537989810878008,0.0952565059803563,0.564780122198637,0.573513865581344
"x",4.92176751987568,0.0909426907237682,54.1194402838288,8.190221805869e-75
