"","Estimate","Std. Error","t value","Pr(>|t|)"
"(Intercept)",0.0234310241983804,0.103025766335232,0.227428778565344,0.820564135646591
"x",0.997259591068751,0.0198854322326547,50.1502597178203,1.10459196905681e-71
