"","Estimate","Std. Error","t value","Pr(>|t|)"
"(Intercept)",-0.232772312858526,0.100154498790926,-2.32413237217074,0.0221833870877057
"x",1.01675985562177,0.0196848292716451,51.6519519468914,6.80452629798469e-73
