"","Estimate","Std. Error","t value","Pr(>|t|)"
"(Intercept)",-0.0557370106944647,0.100147665095501,-0.55654827939637,0.579104785167501
"x",0.915021790260325,0.10763850604152,8.50087783555233,2.14069785369716e-13
