"","Estimate","Std. Error","t value","Pr(>|t|)"
"(Intercept)",0.0239112718175337,0.108580854706856,0.220216279215049,0.826160816660711
"x",1.00945844716397,0.0245673229324069,41.089476860842,1.38354823923837e-63
