"","Estimate","Std. Error","t value","Pr(>|t|)"
"(Intercept)",-0.0869533151243418,0.110637565595468,-0.785929396189675,0.433805029598569
"x",1.01236558136078,0.107248649062578,9.43942502035687,1.99438529537096e-15
