"","Estimate","Std. Error","t value","Pr(>|t|)"
"(Intercept)",-0.0572156256832494,0.096404728441474,-0.593493976988735,0.55421796037803
"x",0.922757746768558,0.106496129483926,8.66470688878733,9.49331322952612e-14
