"","Estimate","Std. Error","t value","Pr(>|t|)"
"(Intercept)",0.140518802232602,0.0942161476811026,1.49145136678928,0.139055045886603
"x",10.0241512714861,0.0886059997965401,113.131743837933,1.15695846773509e-105
