"","Estimate","Std. Error","t value","Pr(>|t|)"
"(Intercept)",0.0254129029568103,0.0931951165459888,0.272684920612443,0.785669179354684
"x",1.02148460780843,0.0214427710143258,47.6377146930302,1.39769430917264e-69
