"","Estimate","Std. Error","t value","Pr(>|t|)"
"(Intercept)",-0.0061943928163144,0.103057849384838,-0.0601059778880435,0.952193631508063
"x",9.93286852725719,0.109236674934396,90.9297956315732,1.87866609648898e-96
