"","Estimate","Std. Error","t value","Pr(>|t|)"
"(Intercept)",0.0839156612690371,0.10144582599047,0.827196786557985,0.41013520034748
"x",1.03852606805886,0.100635104068732,10.3197197207603,2.4515547446152e-17
