"","Estimate","Std. Error","t value","Pr(>|t|)"
"(Intercept)",0.11047606632742,0.108170550089249,1.02131371465032,0.309620438682319
"x",10.1295749836124,0.102530787052131,98.7954474441137,6.0339840825894e-100
