"","Estimate","Std. Error","t value","Pr(>|t|)"
"(Intercept)",0.0710531185417103,0.0911115779445469,0.779847305300268,0.437360137865109
"x",0.99922100126423,0.0185624176453021,53.8303264347207,1.36121322896161e-74
