"","Estimate","Std. Error","t value","Pr(>|t|)"
"(Intercept)",0.0943653624342397,0.101915966575447,0.925913432458907,0.356765515622234
"x",10.1210922028991,0.102761507606942,98.4910832722679,8.14009800390035e-100
