"","Estimate","Std. Error","t value","Pr(>|t|)"
"(Intercept)",0.0269671439106349,0.109780797219156,0.245645364159637,0.806470480531765
"x",0.958549704589836,0.103520549013309,9.25951140837362,4.89961922154652e-15
