"","Estimate","Std. Error","t value","Pr(>|t|)"
"(Intercept)",0.157487485810784,0.0959226063783121,1.64181825074336,0.103833045645089
"x",0.712111248585077,0.102514857399732,6.94641993021919,4.14543129702233e-10
