"","Estimate","Std. Error","t value","Pr(>|t|)"
"(Intercept)",-0.0758254479673314,0.098132430323215,-0.772684908725771,0.44156846185962
"x",1.02584077231273,0.0215216203302519,47.6655919290035,1.32291836056922e-69
