"","Estimate","Std. Error","t value","Pr(>|t|)"
"(Intercept)",0.153805048162539,0.0998657384141416,1.54011826883723,0.126754351027428
"x",4.7723288781086,0.0952032276964428,50.1278054702647,1.15227016223111e-71
