"","Estimate","Std. Error","t value","Pr(>|t|)"
"(Intercept)",-0.00875324441305909,0.0956965982436828,-0.0914687102123499,0.927306875968516
"x",1.01561242408851,0.106886734376734,9.50176305797561,1.46050344117586e-15
