"","Estimate","Std. Error","t value","Pr(>|t|)"
"(Intercept)",-0.0544285720366956,0.10935643811334,-0.497717125536627,0.619798428196099
"x",9.75399303653916,0.115707457528967,84.2987413676189,2.85942711331393e-93
