"","Estimate","Std. Error","t value","Pr(>|t|)"
"(Intercept)",0.00548414392644014,0.0987429486782651,0.0555396005471659,0.955821655754993
"x",5.05495563547743,0.101305217470558,49.8982753474326,1.77661302854622e-71
