"","Estimate","Std. Error","t value","Pr(>|t|)"
"(Intercept)",-0.181576663399985,0.0900732528567655,-2.01587771775855,0.0465502166953178
"x",1.00973612888417,0.00934327309289979,108.070921062073,9.90353860610883e-104
