"","Estimate","Std. Error","t value","Pr(>|t|)"
"(Intercept)",0.00933317236793467,0.0810118723827761,0.115207463960789,0.908516411401371
"x",4.85490997047237,0.0784962007969403,61.8489802204747,2.46475671967652e-80
