"","Estimate","Std. Error","t value","Pr(>|t|)"
"(Intercept)",0.0670947134700104,0.0890912300913496,0.753101213230695,0.453194482062249
"x",0.39885003965854,0.0961178155986844,4.14959533957614,7.1020321781563e-05
