"","Estimate","Std. Error","t value","Pr(>|t|)"
"(Intercept)",-0.0592224328053982,0.10586276457739,-0.55942647107146,0.577147016374181
"x",4.9305604823049,0.0978061398903746,50.4115640166485,6.76376989924064e-72
