"","Estimate","Std. Error","t value","Pr(>|t|)"
"(Intercept)",0.0140533897150785,0.090961521677297,0.15449818182391,0.87753468204638
"x",10.06695807551,0.0925575778162479,108.764277469486,5.31900885558056e-104
