"","Estimate","Std. Error","t value","Pr(>|t|)"
"(Intercept)",0.217048625067239,0.113649402169605,1.90980877086643,0.0590821040403253
"x",0.980724786187163,0.109273208166918,8.97497934433367,2.02649379525448e-14
