"","Estimate","Std. Error","t value","Pr(>|t|)"
"(Intercept)",-0.144959571949047,0.0871221917588217,-1.66386507298089,0.0993340116117444
"x",0.789650540016977,0.0916891319469699,8.61225887135332,1.23184364035331e-13
