"","Estimate","Std. Error","t value","Pr(>|t|)"
"(Intercept)",-0.0179495929952833,0.114938875294186,-0.156166422799434,0.876223090060831
"x",1.11542791471975,0.10588967024969,10.5338689986431,8.42651512856406e-18
