"","Estimate","Std. Error","t value","Pr(>|t|)"
"(Intercept)",-0.00356702669913727,0.101932914460321,-0.0349938655048049,0.972155811138787
"x",0.9702993668691,0.0193844679953195,50.0555066614872,1.32037634278962e-71
