"","Estimate","Std. Error","t value","Pr(>|t|)"
"(Intercept)",0.0366155275780109,0.103890973054841,0.352441858049425,0.725263747211076
"x",0.926961343767318,0.0982104020590509,9.43852508830953,2.00337491269689e-15
