"","Estimate","Std. Error","t value","Pr(>|t|)"
"(Intercept)",0.159021545618999,0.105604434512063,1.50582261392475,0.135329227792094
"x",0.509126635612817,0.111367840456409,4.57157679924752,1.41449203208012e-05
