"","Estimate","Std. Error","t value","Pr(>|t|)"
"(Intercept)",0.0600994429844916,0.122666616015209,0.489941313592933,0.625270453411614
"x",0.474714371161798,0.118283686269135,4.01335455577249,0.000117172056740996
