"","Estimate","Std. Error","t value","Pr(>|t|)"
"(Intercept)",-0.0794561384495391,0.0996148704690187,-0.797633305905375,0.427011778016817
"x",0.985610730906151,0.094457752717054,10.4344080031051,1.3834817533398e-17
