"","Estimate","Std. Error","t value","Pr(>|t|)"
"(Intercept)",0.0828574436352833,0.101497809633216,0.816347110688464,0.416281567549162
"x",1.02059046497609,0.0212030190204076,48.134205039093,5.27273465042021e-70
