"","Estimate","Std. Error","t value","Pr(>|t|)"
"(Intercept)",-0.0388798438833992,0.105942844054599,-0.366988863007698,0.714418570391989
"x",5.05476342411009,0.0904505050623516,55.8843029193217,3.89008403701076e-76
