"","Estimate","Std. Error","t value","Pr(>|t|)"
"(Intercept)",0.0170869379147922,0.111263568639522,0.153571722745577,0.878263223498787
"x",0.602275902937872,0.116924975937308,5.15096024702878,1.34096316413387e-06
