"","Estimate","Std. Error","t value","Pr(>|t|)"
"(Intercept)",0.0529919331996509,0.116032994211394,0.456697110677915,0.648899410267625
"x",1.00500945956043,0.011267055305887,89.1989461554617,1.2081970798951e-95
