"","Estimate","Std. Error","t value","Pr(>|t|)"
"(Intercept)",-0.0337991194497658,0.0974103566848041,-0.346976652176025,0.729352846134599
"x",1.01748903261558,0.0177611948659179,57.2871949379966,3.67921050751892e-77
