"","Estimate","Std. Error","t value","Pr(>|t|)"
"(Intercept)",-0.130364787833461,0.0910700829863438,-1.43147764401411,0.155474829912495
"x",1.00571700183126,0.00911017384420133,110.394929781872,1.25183773353292e-104
