"","Estimate","Std. Error","t value","Pr(>|t|)"
"(Intercept)",-0.00161538043110064,0.0948071154877632,-0.0170385990839384,0.986440463541193
"x",0.920780261519026,0.099034247285707,9.29759438533054,4.05096443316288e-15
