"","Estimate","Std. Error","t value","Pr(>|t|)"
"(Intercept)",-0.0033785594210123,0.102505823920143,-0.0329596825995405,0.973773775218072
"x",1.00116967883697,0.114493010810437,8.74437375478384,6.38888651707417e-14
