"","Estimate","Std. Error","t value","Pr(>|t|)"
"(Intercept)",-0.014345619148233,0.103109179139552,-0.139130378768869,0.889632638770236
"x",0.9966876418485,0.107033733058691,9.31190208326168,3.7715566867158e-15
