"","Estimate","Std. Error","t value","Pr(>|t|)"
"(Intercept)",-0.0698850780464662,0.1060681293455,-0.658869714000772,0.511524550161785
"x",1.02969996065625,0.0194085799930359,53.0538535547537,5.3951362067836e-74
