"","Estimate","Std. Error","t value","Pr(>|t|)"
"(Intercept)",-0.00531060572988014,0.10997268797697,-0.0482902239417141,0.961583223605382
"x",0.970245064366545,0.106265910258974,9.13035104110078,9.33674177589699e-15
