"","Estimate","Std. Error","t value","Pr(>|t|)"
"(Intercept)",0.0480642369658659,0.104295663673001,0.460845976459404,0.645930198280138
"x",1.02512694830414,0.020956754434877,48.9163029270453,1.15662158885985e-70
