"","Estimate","Std. Error","t value","Pr(>|t|)"
"(Intercept)",0.0947133433567899,0.104313240754344,0.907970480754576,0.366121194960489
"x",0.962220086733259,0.099127793357012,9.70686478682918,5.23873227147984e-16
