"","Estimate","Std. Error","t value","Pr(>|t|)"
"(Intercept)",0.0654584009161967,0.104499690634479,0.626398035427285,0.532510278325538
"x",1.17488861742259,0.102821687295288,11.4264670064059,1.00528573849386e-19
