"","Estimate","Std. Error","t value","Pr(>|t|)"
"(Intercept)",-0.0261961913413756,0.0800255687400299,-0.327347768392328,0.744103090048644
"x",10.0003296624764,0.0813694107861722,122.900357343817,3.65460506787787e-109
