"","Estimate","Std. Error","t value","Pr(>|t|)"
"(Intercept)",0.0788636958279549,0.0914396526280746,0.862467141566344,0.390536154635643
"x",10.1208701579973,0.0877086321865296,115.391950663115,1.6889133220254e-106
