"","Estimate","Std. Error","t value","Pr(>|t|)"
"(Intercept)",-0.045824019848053,0.110890496520256,-0.413236672988315,0.680336033340111
"x",0.968125930001527,0.021976782192514,44.0522148111065,2.1307455332071e-66
