"","Estimate","Std. Error","t value","Pr(>|t|)"
"(Intercept)",-0.108557720650372,0.0969486422805085,-1.11974462041742,0.265559443003974
"x",0.84170765132717,0.0974404663259112,8.63817347211674,1.08308773932235e-13
