"","Estimate","Std. Error","t value","Pr(>|t|)"
"(Intercept)",-0.136021995667344,0.106145412843533,-1.28146843112148,0.203052980042975
"x",9.89446318556731,0.114870629151067,86.1357098737139,3.55537501609508e-94
