"","Estimate","Std. Error","t value","Pr(>|t|)"
"(Intercept)",0.0477467346144649,0.0989133879263125,0.482712559092959,0.630376385616672
"x",1.12704519823697,0.0903975829660688,12.4676474885398,6.14729869724816e-22
