"","Estimate","Std. Error","t value","Pr(>|t|)"
"(Intercept)",-0.0523121606590225,0.0955459203605194,-0.547508051224325,0.58527452228461
"x",0.453734343759109,0.091901976024507,4.93715547136999,3.25560072410253e-06
