"","Estimate","Std. Error","t value","Pr(>|t|)"
"(Intercept)",0.00745401049382792,0.113206223248372,0.0658445293901731,0.947635740661392
"x",1.01220521738358,0.0222696628434391,45.4522021505049,1.14421199197791e-67
