"","Estimate","Std. Error","t value","Pr(>|t|)"
"(Intercept)",0.103595375828964,0.101936424875477,1.01627436861273,0.312001210312477
"x",0.431913741073158,0.105297832767816,4.1018293512796,8.4747297887183e-05
