"","Estimate","Std. Error","t value","Pr(>|t|)"
"(Intercept)",0.0205834134639838,0.109034522775942,0.188778865078184,0.850656529383781
"x",0.510430874970003,0.122474927924203,4.16763564283048,6.64136115791934e-05
