"","Estimate","Std. Error","t value","Pr(>|t|)"
"(Intercept)",-0.137052842250547,0.0941269556404628,-1.45604244095654,0.148577158863745
"x",0.877096339469738,0.0914185951036159,9.59428810381102,9.19692661039645e-16
