"","Estimate","Std. Error","t value","Pr(>|t|)"
"(Intercept)",0.0773386192014038,0.100802729454396,0.767227431439669,0.444790792797119
"x",1.00649425948294,0.0188711155395358,53.3351755159514,3.26870592501358e-74
