"","Estimate","Std. Error","t value","Pr(>|t|)"
"(Intercept)",-0.0565789808705073,0.109247520970083,-0.517897160211088,0.605697223931644
"x",0.930760581970741,0.104797251442753,8.88153619638755,3.22811453652204e-14
