"","Estimate","Std. Error","t value","Pr(>|t|)"
"(Intercept)",0.00168145418451555,0.104330527174974,0.0161166077661581,0.987174130089718
"x",10.1751374883824,0.107809741798554,94.3805014151222,5.085319594824e-98
