"","Estimate","Std. Error","t value","Pr(>|t|)"
"(Intercept)",-0.0965130793196718,0.101439292492071,-0.95143683427421,0.343723338052256
"x",1.00318624752954,0.0197968947239046,50.6739193959647,4.14329287146169e-72
