"","Estimate","Std. Error","t value","Pr(>|t|)"
"(Intercept)",0.0196141397121904,0.0962590110666743,0.203764193033363,0.838960303599906
"x",0.992072742227343,0.0103211293326885,96.1205610596606,8.64990962665132e-99
