"","Estimate","Std. Error","t value","Pr(>|t|)"
"(Intercept)",0.0979717028267151,0.116925094626428,0.837901420047864,0.404124989370714
"x",0.47371758711087,0.13158911115889,3.59997558262151,0.000501421495661066
