"","Estimate","Std. Error","t value","Pr(>|t|)"
"(Intercept)",-0.0163167457401896,0.0993354472952935,-0.164259045330363,0.869865530963691
"x",5.21865464789719,0.101383283806618,51.4745079460181,9.42123067876797e-73
