"","Estimate","Std. Error","t value","Pr(>|t|)"
"(Intercept)",-0.1828504307436,0.100135714107564,-1.82602613236657,0.070891276613239
"x",1.00813314254718,0.10201623963877,9.88208491233245,2.18180578649308e-16
