"","Estimate","Std. Error","t value","Pr(>|t|)"
"(Intercept)",-0.0501459742970443,0.089644437801076,-0.559387459245602,0.57717353134848
"x",10.1498166509042,0.0890723863040581,113.950204682478,5.73862426071972e-106
