"","Estimate","Std. Error","t value","Pr(>|t|)"
"(Intercept)",0.0571347542630574,0.0953400737727286,0.599273233197355,0.550373606180115
"x",1.00151935355995,0.0202657918871354,49.4192064705701,4.41217378229467e-71
