"","Estimate","Std. Error","t value","Pr(>|t|)"
"(Intercept)",-0.146784755127722,0.0949396738934688,-1.54608446719996,0.125307457018754
"x",0.830286907993284,0.0981388722996332,8.46032656110302,2.61720634065082e-13
