"","Estimate","Std. Error","t value","Pr(>|t|)"
"(Intercept)",0.0513783264622871,0.100004695069698,0.513759143273016,0.608576845991725
"x",10.0421665819819,0.115649414723911,86.8328353062186,1.63006580833152e-94
