"","Estimate","Std. Error","t value","Pr(>|t|)"
"(Intercept)",-0.112845435617593,0.108179572012249,-1.04313072716553,0.299454157105696
"x",5.00425998889407,0.110627101450356,45.2353891884237,1.7899748242655e-67
