"","Estimate","Std. Error","t value","Pr(>|t|)"
"(Intercept)",-0.106053868829087,0.0976171036103187,-1.08642712093208,0.279955125923444
"x",1.04950165881418,0.0937937338376833,11.1894645396079,3.24409969039923e-19
