"","Estimate","Std. Error","t value","Pr(>|t|)"
"(Intercept)",-0.0473835616987434,0.100903625936422,-0.469592259534849,0.639689538661241
"x",0.86158485961428,0.109742526807639,7.85096611748787,5.26808421707955e-12
