"","Estimate","Std. Error","t value","Pr(>|t|)"
"(Intercept)",0.0824596557799538,0.110665077068873,0.745128074402685,0.457977605404743
"x",1.1930246408251,0.118420744307642,10.0744565304013,8.3427276311301e-17
