"","Estimate","Std. Error","t value","Pr(>|t|)"
"(Intercept)",-0.0243773451768828,0.0952189100020905,-0.256013697030848,0.798476881027387
"x",0.998950518825999,0.00909235577918833,109.867073296067,1.9949103006578e-104
