"","Estimate","Std. Error","t value","Pr(>|t|)"
"(Intercept)",0.129423879512034,0.10293887777291,1.25728861934508,0.21163721713022
"x",1.11176748082889,0.0917410607084756,12.1185374601428,3.36177910753068e-21
