"","Estimate","Std. Error","t value","Pr(>|t|)"
"(Intercept)",-0.0659391212821288,0.110205921540233,-0.598326481558947,0.551002470126387
"x",1.0214588704252,0.12676284620894,8.0580304164325,1.90742776439271e-12
