"","Estimate","Std. Error","t value","Pr(>|t|)"
"(Intercept)",0.10184095725102,0.109734293921335,0.928068643008047,0.355652138867072
"x",4.76893374865179,0.124952301233577,38.1660337710555,1.25660241636637e-60
