"","Estimate","Std. Error","t value","Pr(>|t|)"
"(Intercept)",-0.00744812868078744,0.101117936171328,-0.0736578391806552,0.941432781873706
"x",1.03993231749826,0.107153135405913,9.70510394827774,5.28505194438695e-16
