"TrueBeta","EstimatedBeta","Bias","EmpSE","MSE","Coverage","SignificantRatio"
10,10.0009464229193,0.000946422919323453,0.121740936188535,0.0146735427049625,0.92,1
