"","Estimate","Std. Error","t value","Pr(>|t|)"
"(Intercept)",0.0141831904607051,0.0913936471492488,0.155187925015658,0.876992355685904
"x",1.0065112035341,0.0088003863165532,114.371252275697,4.0086164613095e-106
