"","Estimate","Std. Error","t value","Pr(>|t|)"
"(Intercept)",0.0937136053619902,0.0906040268647988,1.03432053303582,0.303531988581892
"x",10.0439132686482,0.105285806364855,95.3966504643768,1.80050344831192e-98
