"","Estimate","Std. Error","t value","Pr(>|t|)"
"(Intercept)",-0.0272980371265285,0.0985952908647226,-0.276869583598903,0.782463380343225
"x",1.03912884720863,0.0187203862640304,55.5078742795614,7.39420256115385e-76
