"","Estimate","Std. Error","t value","Pr(>|t|)"
"(Intercept)",-0.0472733892960827,0.0886209340271875,-0.533433661188676,0.594941187808989
"x",1.10748405283352,0.0919522366290696,12.0441230516344,4.83561978945087e-21
