"","Estimate","Std. Error","t value","Pr(>|t|)"
"(Intercept)",-0.0102421495410819,0.0965180531288528,-0.1061164125162,0.915706904014068
"x",9.75042478070184,0.0905494974033246,107.680606301674,1.40770159567869e-103
