"","Estimate","Std. Error","t value","Pr(>|t|)"
"(Intercept)",-0.0235906605115302,0.103652030144293,-0.227594775313998,0.820435435162
"x",0.998109828900541,0.0210511158289911,47.4136305651774,2.17683751667369e-69
