"","Estimate","Std. Error","t value","Pr(>|t|)"
"(Intercept)",0.060186184545617,0.0947743366903179,0.635047278065156,0.526877520760116
"x",0.887151447219024,0.101381361463006,8.75063655110559,6.1929510136939e-14
