"","Estimate","Std. Error","t value","Pr(>|t|)"
"(Intercept)",0.0136072412759935,0.103097168777512,0.131984626128371,0.89526705139164
"x",10.2370745599955,0.110789021931706,92.4015248217097,3.96554815530537e-97
