"","Estimate","Std. Error","t value","Pr(>|t|)"
"(Intercept)",-0.263639264369847,0.114444165137903,-2.30364967975578,0.023354829276383
"x",1.06934427484,0.118338843058545,9.03629144245535,1.49273864055274e-14
