"","Estimate","Std. Error","t value","Pr(>|t|)"
"(Intercept)",0.0248704329420354,0.101461736780357,0.245121301204162,0.806875066855407
"x",0.994213083812283,0.0188187695554529,52.8309292954916,8.03932723136994e-74
