"","Estimate","Std. Error","t value","Pr(>|t|)"
"(Intercept)",0.0480313221271098,0.0929322106830122,0.516842564855608,0.606430522473769
"x",0.973987533376437,0.0989274140075339,9.84547653598084,2.61992288683265e-16
