"","Estimate","Std. Error","t value","Pr(>|t|)"
"(Intercept)",0.0427342899521928,0.0998690583976703,0.427903202832137,0.669660475195597
"x",9.95704535746642,0.0996051061607941,99.9652100304235,1.92533447910068e-100
