"","Estimate","Std. Error","t value","Pr(>|t|)"
"(Intercept)",0.0547663993033549,0.0932273339138929,0.587450021406153,0.558252614017383
"x",0.56889970444055,0.101229364767031,5.61990787702577,1.79617746827014e-07
