"","Estimate","Std. Error","t value","Pr(>|t|)"
"(Intercept)",0.103208013464045,0.101137082551287,1.02047647470658,0.310015135172579
"x",0.468162476465796,0.109474108994411,4.27646756631467,4.41502117935259e-05
