"","Estimate","Std. Error","t value","Pr(>|t|)"
"(Intercept)",0.0564656740915864,0.111080752463796,0.508329956713157,0.612364344584466
"x",4.84191690570782,0.112543795204263,43.0225131196253,1.93277833375949e-65
