"","Estimate","Std. Error","t value","Pr(>|t|)"
"(Intercept)",0.157072752663644,0.10522290221934,1.49276202566834,0.138711961526957
"x",0.99476170788291,0.0189058616135261,52.6165761824476,1.18146603094166e-73
