"","Estimate","Std. Error","t value","Pr(>|t|)"
"(Intercept)",0.0926922608369449,0.101535826932085,0.912902013384344,0.363534471803882
"x",0.465956856965067,0.104843526229707,4.44430737615768,2.32354132719521e-05
