"","Estimate","Std. Error","t value","Pr(>|t|)"
"(Intercept)",0.037881684441053,0.0987386458489116,0.383656106637506,0.702064421891337
"x",0.457673137699861,0.110698084753974,4.13442688477437,7.51297508310831e-05
