"","Estimate","Std. Error","t value","Pr(>|t|)"
"(Intercept)",0.134911058979168,0.0970448773382542,1.39019248289561,0.16761989063702
"x",0.990897469487446,0.00914282608407551,108.379778897177,7.50457661026961e-104
