"","Estimate","Std. Error","t value","Pr(>|t|)"
"(Intercept)",0.107404567162093,0.10118059399194,1.06151350693444,0.291065590889316
"x",0.939500567603187,0.105105372285845,8.93865410654858,2.42867936533428e-14
