"","Estimate","Std. Error","t value","Pr(>|t|)"
"(Intercept)",0.0337823679698414,0.104954067548156,0.321877643802049,0.748230962844637
"x",1.01853284403451,0.107404062605371,9.48318731458835,1.60259547008116e-15
