"","Estimate","Std. Error","t value","Pr(>|t|)"
"(Intercept)",0.051849110819168,0.110107222539985,0.47089654632183,0.638761102173945
"x",1.0123025120603,0.0218088912299199,46.4169636772506,1.59903237217556e-68
