"","Estimate","Std. Error","t value","Pr(>|t|)"
"(Intercept)",-0.0634091640462612,0.101050543664012,-0.627499484387672,0.531791251435581
"x",0.994093318863849,0.0193246586113642,51.4417014476652,1.00065204551012e-72
