"","Estimate","Std. Error","t value","Pr(>|t|)"
"(Intercept)",0.092784604364946,0.0942790020837918,0.984149198805502,0.327465665750586
"x",1.01527329402133,0.019503380031442,52.0562739578768,3.25454363245001e-73
