"","Estimate","Std. Error","t value","Pr(>|t|)"
"(Intercept)",0.0752148209942081,0.105724044455148,0.711425876505479,0.478510364994725
"x",0.975989465928925,0.0118167839083829,82.5934935847099,2.06111081945899e-92
