"","Estimate","Std. Error","t value","Pr(>|t|)"
"(Intercept)",-0.0846140782524685,0.0981515845012777,-0.862075520047941,0.390750549962274
"x",10.094821666312,0.108220001476673,93.2805537660982,1.58421620843501e-97
