"","Estimate","Std. Error","t value","Pr(>|t|)"
"(Intercept)",-0.0976731274929967,0.0864629463023948,-1.12965300941048,0.26137990187005
"x",9.91903466598048,0.0893810108153284,110.974742571153,7.52225121106086e-105
