"","Estimate","Std. Error","t value","Pr(>|t|)"
"(Intercept)",-0.0782108300100804,0.0859390237173641,-0.910073522213842,0.365016669684427
"x",9.79906542137609,0.0864942441877507,113.291531863155,1.00855180421139e-105
