"","Estimate","Std. Error","t value","Pr(>|t|)"
"(Intercept)",-0.0983565242944377,0.100939323589973,-0.974412357803908,0.332250927660575
"x",5.02462280408873,0.105313399299581,47.7111444270771,1.20931976972253e-69
