"","Estimate","Std. Error","t value","Pr(>|t|)"
"(Intercept)",0.0756214353282997,0.086062569616159,0.878679728778411,0.381724282260712
"x",0.993513628448877,0.00915713266871209,108.496148782849,6.761232408169e-104
