"","Estimate","Std. Error","t value","Pr(>|t|)"
"(Intercept)",0.183713500961457,0.105734880299372,1.73749192736872,0.0854419129779359
"x",4.96102261570193,0.119231761664551,41.6082304449998,4.32203150468716e-64
