"","Estimate","Std. Error","t value","Pr(>|t|)"
"(Intercept)",0.0243101766524687,0.096812606200199,0.251105487256459,0.802258311551921
"x",4.89013923839662,0.107187158254193,45.6224357287252,8.06321134989373e-68
