"","Estimate","Std. Error","t value","Pr(>|t|)"
"(Intercept)",-0.209107281964367,0.105853237133797,-1.97544532058153,0.0510302612029503
"x",10.0809547719918,0.111273314183405,90.5963379088004,2.6816107356736e-96
