"","Estimate","Std. Error","t value","Pr(>|t|)"
"(Intercept)",-0.034186687696301,0.0988034628030463,-0.346006979172869,0.73007918221806
"x",0.820786379893295,0.110381878307983,7.43587980631361,3.97042913828374e-11
