"","Estimate","Std. Error","t value","Pr(>|t|)"
"(Intercept)",-0.073055366424038,0.11135385717331,-0.656064983095602,0.51331973523353
"x",1.09859757625596,0.112835652061969,9.73626292913705,4.52270590300209e-16
