"","Estimate","Std. Error","t value","Pr(>|t|)"
"(Intercept)",0.0358351031279038,0.0974177923197221,0.367849673807985,0.71377861908997
"x",0.873582445925732,0.0973517738576271,8.97346202651952,2.04187876718521e-14
