"","Estimate","Std. Error","t value","Pr(>|t|)"
"(Intercept)",-0.0523378391291348,0.106475320781747,-0.491549015723717,0.624137340553194
"x",0.40285964352965,0.112939040764117,3.56705387972133,0.000560497218532793
