"","Estimate","Std. Error","t value","Pr(>|t|)"
"(Intercept)",-0.00998286685942871,0.109734314521229,-0.0909730643781207,0.92769968217881
"x",1.02118015204115,0.116735645265792,8.7478006372095,6.28092036835242e-14
