"","Estimate","Std. Error","t value","Pr(>|t|)"
"(Intercept)",0.113368508588794,0.0987115879154066,1.14848227024722,0.253565116088384
"x",5.00726570197145,0.0947134403304054,52.8675305690906,7.52892435916213e-74
