"","Estimate","Std. Error","t value","Pr(>|t|)"
"(Intercept)",-0.175970218256991,0.0958040525726032,-1.83677217749881,0.0692745100547231
"x",9.9861707897932,0.0985694449983428,101.311017729288,5.25705625958542e-101
