"","Estimate","Std. Error","t value","Pr(>|t|)"
"(Intercept)",0.029166397606131,0.118545865258905,0.246034710214745,0.806169932190995
"x",0.967923051158093,0.129637598839987,7.46637595743199,3.42582000527236e-11
