"","Estimate","Std. Error","t value","Pr(>|t|)"
"(Intercept)",-0.097259836297509,0.0940551066452917,-1.03407289371648,0.303647148229646
"x",1.03452926110963,0.0212109387201824,48.7733840900339,1.52355820542013e-70
