"","Estimate","Std. Error","t value","Pr(>|t|)"
"(Intercept)",-0.166720779660528,0.100507583275783,-1.65878806580258,0.100355812756246
"x",0.936109172851554,0.106340160164922,8.80296937111768,4.77334735798301e-14
