"","Estimate","Std. Error","t value","Pr(>|t|)"
"(Intercept)",0.0615997191073705,0.101931876709718,0.60432242685764,0.547025835475662
"x",1.00697419823316,0.0106723349226577,94.3536916270613,5.22732537393149e-98
