"","Estimate","Std. Error","t value","Pr(>|t|)"
"(Intercept)",-0.0881716602811721,0.0944555211298939,-0.933472805257405,0.352870159505222
"x",10.1268730286628,0.0866881198318304,116.819617824314,5.10506031812325e-107
