"","Estimate","Std. Error","t value","Pr(>|t|)"
"(Intercept)",0.0230127291463499,0.0976225660031464,0.235731655994457,0.814132839116875
"x",0.344638332986748,0.0899143791808733,3.83296126967042,0.000223728252939241
