"","Estimate","Std. Error","t value","Pr(>|t|)"
"(Intercept)",0.0549625955751311,0.0889554462941433,0.617866559776337,0.538096505773948
"x",0.972065156130026,0.0970089492155876,10.0203657908897,1.09314935789589e-16
