"","Estimate","Std. Error","t value","Pr(>|t|)"
"(Intercept)",-0.0852567847403371,0.0910366254183885,-0.936510820216718,0.351312390430695
"x",9.97110489022766,0.0937895843521726,106.313563058206,4.87220205712725e-103
