"","Estimate","Std. Error","t value","Pr(>|t|)"
"(Intercept)",-0.135880517990477,0.10353188270928,-1.31245095167479,0.192433566653587
"x",1.01890388164412,0.105872103896309,9.62391266581445,7.93096886990476e-16
