"","Estimate","Std. Error","t value","Pr(>|t|)"
"(Intercept)",0.0365933981549337,0.0948520571282853,0.385794459949793,0.700485111928545
"x",0.919275957657164,0.092755709454239,9.91072100106882,1.89083691097442e-16
