"","Estimate","Std. Error","t value","Pr(>|t|)"
"(Intercept)",-0.0547290129704622,0.113496661243286,-0.482208131683694,0.630733354789768
"x",4.97785941120831,0.121070565057797,41.1153562290882,1.30512239145599e-63
