"","Estimate","Std. Error","t value","Pr(>|t|)"
"(Intercept)",0.103487686997855,0.101143404633046,1.02317780752304,0.308742868420462
"x",1.00056310542163,0.0106323180876323,94.1058287736435,6.74562465088405e-98
