"","Estimate","Std. Error","t value","Pr(>|t|)"
"(Intercept)",-0.113899878338712,0.101878218152496,-1.11800029882954,0.266300041358177
"x",5.05568127544808,0.0927975460480539,54.4807647481332,4.35617192062505e-75
