"","Estimate","Std. Error","t value","Pr(>|t|)"
"(Intercept)",0.122931418265284,0.0888739285932485,1.38321125453908,0.169743269916044
"x",5.0075224027079,0.0917887178276992,54.5548790877301,3.82889962928454e-75
