"","Estimate","Std. Error","t value","Pr(>|t|)"
"(Intercept)",-0.0704509105788417,0.0970283868116777,-0.726085560049347,0.469516890452398
"x",0.999072117642601,0.0912152290667019,10.952909156343,1.04812250783741e-18
