"","Estimate","Std. Error","t value","Pr(>|t|)"
"(Intercept)",-0.0466513330919116,0.0989693594002024,-0.471371476734204,0.638423172901299
"x",1.01733573922738,0.0197217135411919,51.5845510636037,7.69874965313522e-73
