"","Estimate","Std. Error","t value","Pr(>|t|)"
"(Intercept)",0.0964528823753596,0.0929722623286067,1.037437187819,0.302085170782268
"x",10.1282656353746,0.0887988643145852,114.058504166151,5.23210269642449e-106
