"","Estimate","Std. Error","t value","Pr(>|t|)"
"(Intercept)",-0.0314209841822018,0.0925329626468059,-0.339565310387114,0.734910545363746
"x",1.00567707857143,0.0188414425125382,53.3758006003096,3.04114759521178e-74
