"","Estimate","Std. Error","t value","Pr(>|t|)"
"(Intercept)",0.162189987630843,0.0904280672939686,1.79358016249077,0.075964479024954
"x",1.06152151731363,0.0937957261008062,11.317376190177,1.72303563184175e-19
