"","Estimate","Std. Error","t value","Pr(>|t|)"
"(Intercept)",-0.00553103588268962,0.0981982295551998,-0.0563252098102286,0.955197414425112
"x",5.09044147421482,0.091343066259485,55.7288219310925,5.06938506491263e-76
