"","Estimate","Std. Error","t value","Pr(>|t|)"
"(Intercept)",0.0461770615965556,0.0980727755134302,0.470844853271559,0.638797888149981
"x",1.00417616063571,0.100015731277458,10.0401821574447,9.90096577192021e-17
