"","Estimate","Std. Error","t value","Pr(>|t|)"
"(Intercept)",0.00982360258088919,0.104684029103521,0.0938405090539142,0.925427443110891
"x",0.991831413166076,0.0109886809589007,90.2593693342878,3.84710834704327e-96
