"","Estimate","Std. Error","t value","Pr(>|t|)"
"(Intercept)",0.0636752840767601,0.0995975611560161,0.639325735868321,0.524102665208977
"x",5.07311836032506,0.0993521653864263,51.0619807891792,2.01551540123312e-72
