"","Estimate","Std. Error","t value","Pr(>|t|)"
"(Intercept)",-0.0548673198754305,0.09961423637453,-0.550797976999393,0.583025640484655
"x",0.478318999900563,0.0974509238058247,4.90830647078969,3.66392681436604e-06
