"","Estimate","Std. Error","t value","Pr(>|t|)"
"(Intercept)",0.0801085624604746,0.094605100050235,0.846767905936754,0.399187571168165
"x",0.994545856501222,0.00932067020764554,106.703255704232,3.41447539841268e-103
