"","Estimate","Std. Error","t value","Pr(>|t|)"
"(Intercept)",-0.086159355309134,0.105274031603941,-0.818429331492506,0.415097722979297
"x",1.02729143053507,0.0210252811780178,48.8598188931295,1.28957772111944e-70
