"","Estimate","Std. Error","t value","Pr(>|t|)"
"(Intercept)",0.166880951024541,0.104996271721654,1.58939882615017,0.115191435391485
"x",4.9750940591184,0.0984699102482202,50.5240031861238,5.48080009280043e-72
