"","Estimate","Std. Error","t value","Pr(>|t|)"
"(Intercept)",-0.14665859109157,0.080095832871573,-1.83103896711737,0.0701332163707525
"x",1.00778381860367,0.00726309616544146,138.754023855392,2.68079064211401e-114
