"","Estimate","Std. Error","t value","Pr(>|t|)"
"(Intercept)",-0.052820181357485,0.110587424932297,-0.477632799478077,0.633975177895368
"x",1.05034372671062,0.116217795053732,9.03771858883573,1.48215205978829e-14
