"","Estimate","Std. Error","t value","Pr(>|t|)"
"(Intercept)",0.134301579633796,0.0926014652927665,1.45031808307991,0.150162942463854
"x",0.937419642885588,0.0973498400571695,9.62939068348834,7.71672438527048e-16
