"","Estimate","Std. Error","t value","Pr(>|t|)"
"(Intercept)",0.249246222282653,0.1078964672907,2.31004988894699,0.0229830641274365
"x",1.01199678577891,0.013197425409775,76.6813794627965,2.6757976956285e-89
