"","Estimate","Std. Error","t value","Pr(>|t|)"
"(Intercept)",-0.167927293880762,0.0932361106376902,-1.80109715787392,0.0747631231015124
"x",1.00187618286175,0.0110209365283465,90.9066285142705,1.92561228742965e-96
