"","Estimate","Std. Error","t value","Pr(>|t|)"
"(Intercept)",-0.0231210192054282,0.105315916298448,-0.219539648118401,0.826686327105251
"x",10.0606000319251,0.133594141697732,75.3071946424717,1.52888752392859e-88
