"","Estimate","Std. Error","t value","Pr(>|t|)"
"(Intercept)",0.0385234717179415,0.107247482070781,0.359201642538488,0.720217031082274
"x",0.820856489944022,0.12507339694422,6.56299828739843,2.51645762041546e-09
