"","Estimate","Std. Error","t value","Pr(>|t|)"
"(Intercept)",-0.0269272681440664,0.099623801541647,-0.270289506396819,0.787505931559604
"x",9.9684761787042,0.102737765879706,97.0283526544279,3.4758323451743e-99
