"","Estimate","Std. Error","t value","Pr(>|t|)"
"(Intercept)",-0.0178709434786154,0.109328236763115,-0.163461371075955,0.870491811079127
"x",0.785633901092403,0.110935012711208,7.08192915736716,2.17506165041261e-10
