"","Estimate","Std. Error","t value","Pr(>|t|)"
"(Intercept)",-0.150022109026241,0.106318520630727,-1.41106279636177,0.161392841484746
"x",0.505216216215649,0.120772820789385,4.18319463695141,6.26723285419743e-05
