"","Estimate","Std. Error","t value","Pr(>|t|)"
"(Intercept)",-0.05364699510626,0.107746636292539,-0.497899488579903,0.619670349588199
"x",1.00468497171705,0.0105318738303455,95.3947025858065,1.80407188623234e-98
