"","Estimate","Std. Error","t value","Pr(>|t|)"
"(Intercept)",-0.0309547284638134,0.0973460988686716,-0.317986327377886,0.751171908350667
"x",9.99694620979574,0.0972398511736993,102.807090808255,1.2664671951839e-101
