"","Estimate","Std. Error","t value","Pr(>|t|)"
"(Intercept)",0.027264666229892,0.106567488247826,0.25584412918213,0.798607441677342
"x",0.983507551571179,0.011339984999785,86.7291757078889,1.82977377854981e-94
