"","Estimate","Std. Error","t value","Pr(>|t|)"
"(Intercept)",0.112691796861392,0.0892138656203159,1.26316459978313,0.209527036212275
"x",5.03700131587742,0.0778016972250945,64.7415351532044,3.10780599123309e-82
