"","Estimate","Std. Error","t value","Pr(>|t|)"
"(Intercept)",-0.0511834784760643,0.101141789885766,-0.506056680763445,0.613953360152547
"x",9.95886662908751,0.0960948077161018,103.635845325895,5.80709234494869e-102
