"","Estimate","Std. Error","t value","Pr(>|t|)"
"(Intercept)",0.0907594353293814,0.0967762217584605,0.937827843247527,0.350638452020395
"x",0.9774857121586,0.0204806267500858,47.7273339378887,1.17136309497971e-69
