"","Estimate","Std. Error","t value","Pr(>|t|)"
"(Intercept)",-0.0848089040546309,0.119948109812626,-0.707046606962905,0.481215399385628
"x",0.982844314331477,0.0129205909626267,76.0680619930148,5.80288147785006e-89
