"","Estimate","Std. Error","t value","Pr(>|t|)"
"(Intercept)",-0.0447554834813521,0.102931212981788,-0.434809638251041,0.664656586764186
"x",0.9928878414791,0.0103264637803116,96.1498401197258,8.39815389007075e-99
