"","Estimate","Std. Error","t value","Pr(>|t|)"
"(Intercept)",0.0414460889760892,0.0950178574526102,0.436192628283166,0.66365638698971
"x",0.454426144265366,0.0852968793600933,5.32758229462228,6.35249691064382e-07
