"","Estimate","Std. Error","t value","Pr(>|t|)"
"(Intercept)",-0.0215454665511439,0.110538588172816,-0.194913531168499,0.845864159597992
"x",1.12799851730763,0.112817559683317,9.99843039039274,1.21978375398994e-16
