"","Estimate","Std. Error","t value","Pr(>|t|)"
"(Intercept)",0.191522161202169,0.0996576666044013,1.92180057719423,0.0575357659688928
"x",0.997288655603772,0.0188936698182811,52.7842745848567,8.7409326013962e-74
