"","Estimate","Std. Error","t value","Pr(>|t|)"
"(Intercept)",-0.0545938849563884,0.115014609660886,-0.474669132185516,0.636078883780621
"x",1.06184672185745,0.12365410507295,8.58723389111112,1.39479604251236e-13
