"","Estimate","Std. Error","t value","Pr(>|t|)"
"(Intercept)",0.0368810517430776,0.0960069733524392,0.384149718038587,0.70169974217303
"x",1.11682682571027,0.0900220726166119,12.406144329365,8.28575556233385e-22
