"","Estimate","Std. Error","t value","Pr(>|t|)"
"(Intercept)",-0.0212310591357924,0.101402553086025,-0.209374009723217,0.834590902136957
"x",5.05609618241019,0.0919035874046743,55.0152211158738,1.72441238770897e-75
