"","Estimate","Std. Error","t value","Pr(>|t|)"
"(Intercept)",-0.0912700221332528,0.115111424224708,-0.792884135940198,0.429760699396841
"x",0.917346125455768,0.106898354396765,8.58148032897623,1.43520226148944e-13
