"","Estimate","Std. Error","t value","Pr(>|t|)"
"(Intercept)",-0.0602096406046233,0.106688142467428,-0.564351756550692,0.573804161992418
"x",1.03291347388099,0.0977519778474794,10.5666759550648,7.15579400410309e-18
