"","Estimate","Std. Error","t value","Pr(>|t|)"
"(Intercept)",0.136173162188736,0.109816585434676,1.24000542950534,0.217934281811046
"x",4.78311530083219,0.121665427385901,39.3136768891707,8.21886625983114e-62
