"","Estimate","Std. Error","t value","Pr(>|t|)"
"(Intercept)",-0.00978910511057196,0.110294409189281,-0.0887543183967958,0.929458287130816
"x",9.98527410146909,0.113222483749542,88.1916185795513,3.62765216748413e-95
