"","Estimate","Std. Error","t value","Pr(>|t|)"
"(Intercept)",-0.0907755121161174,0.0978452267672585,-0.927745942395763,0.35581870345263
"x",5.03133935325489,0.0925970863585738,54.3358279522045,5.60899455977763e-75
