"","Estimate","Std. Error","t value","Pr(>|t|)"
"(Intercept)",0.0833541914177098,0.100866266747256,0.826383231041688,0.410594173608648
"x",0.802679620264633,0.0954843827101786,8.40639691520012,3.41846791489678e-13
