"","Estimate","Std. Error","t value","Pr(>|t|)"
"(Intercept)",0.150154146691325,0.0900483176919726,1.66748419670599,0.0986107832024186
"x",1.10064671422129,0.0845305232464966,13.0207015401021,4.26518960514471e-23
