"","Estimate","Std. Error","t value","Pr(>|t|)"
"(Intercept)",-0.126267283364189,0.0987853131894272,-1.27819894767214,0.204198414332479
"x",10.0495885773218,0.0970224684519407,103.580013348143,6.11911206206119e-102
