"","Estimate","Std. Error","t value","Pr(>|t|)"
"(Intercept)",-0.191361378985092,0.104429522643496,-1.83244521416004,0.0699217754055059
"x",0.979218762971572,0.0987721658872791,9.91391404830666,1.86089965100427e-16
