"","Estimate","Std. Error","t value","Pr(>|t|)"
"(Intercept)",0.0300320708050078,0.104109684510184,0.288465678733953,0.773599548255296
"x",1.00119403160491,0.0992111673417676,10.0915457244439,7.66003588184574e-17
