"","Estimate","Std. Error","t value","Pr(>|t|)"
"(Intercept)",0.216396049874712,0.100626945374103,2.15047817530595,0.0339772197488633
"x",0.944940648427658,0.081332804824528,11.618198222308,3.90729548862566e-20
