"","Estimate","Std. Error","t value","Pr(>|t|)"
"(Intercept)",0.10558329303157,0.10874717807708,0.97090604922854,0.333985313638497
"x",0.293714093048534,0.113576256096666,2.58605190153962,0.0111791593521816
