"","Estimate","Std. Error","t value","Pr(>|t|)"
"(Intercept)",0.0272726051906321,0.101460249577818,0.268800888073063,0.788647977774157
"x",0.998410119963953,0.0198760445473662,50.2318314685128,9.47534748357666e-72
