"","Estimate","Std. Error","t value","Pr(>|t|)"
"(Intercept)",-0.0947587642545717,0.0976920514315357,-0.969974146985544,0.334447272009312
"x",0.991757364743894,0.0108200279205141,91.6594090171974,8.66205650552574e-97
