"","Estimate","Std. Error","t value","Pr(>|t|)"
"(Intercept)",-0.0840394081172492,0.103060029121025,-0.815441338742105,0.416797174121424
"x",0.440819082774822,0.110622434325241,3.98489768792078,0.000129918989944206
