"","Estimate","Std. Error","t value","Pr(>|t|)"
"(Intercept)",-0.0465451847575096,0.101759279733877,-0.457404817322169,0.648392524317023
"x",9.83466004634593,0.100985910815481,97.3864568525361,2.43142690842525e-99
