"","Estimate","Std. Error","t value","Pr(>|t|)"
"(Intercept)",-0.027236754525955,0.0900878879480966,-0.30233536545609,0.763037157803147
"x",10.1108268344195,0.0920725525488809,109.813690991695,2.09142795638993e-104
