"","Estimate","Std. Error","t value","Pr(>|t|)"
"(Intercept)",-0.00488274570255101,0.096682426715555,-0.0505029286957837,0.959824407951055
"x",0.986509122312895,0.0091722627118958,107.553517959474,1.57889967503419e-103
