"","Estimate","Std. Error","t value","Pr(>|t|)"
"(Intercept)",0.0223707711616768,0.0888825623403954,0.251689089205181,0.801808438987517
"x",0.980153055873033,0.0882457584490735,11.107084046863,4.87872862516115e-19
