"TrueBeta","EstimatedBeta","Bias","EmpSE","MSE","Coverage","SignificantRatio"
1,0.998942463919078,-0.00105753608092218,0.0114400172982088,0.000130683638387937,0.94,1
