"","Estimate","Std. Error","t value","Pr(>|t|)"
"(Intercept)",-0.114862511700482,0.0967388954813399,-1.18734570132277,0.237961299824274
"x",0.944137324845302,0.104466482887921,9.0377056711887,1.48224754596202e-14
