"","Estimate","Std. Error","t value","Pr(>|t|)"
"(Intercept)",0.161376349711208,0.103996557568268,1.55174703360036,0.123946318235127
"x",4.92175696199183,0.102692202232196,47.9272705717548,7.90691104298156e-70
