"","Estimate","Std. Error","t value","Pr(>|t|)"
"(Intercept)",-0.110946362157645,0.10805981127276,-1.02671252939355,0.3070833954237
"x",10.2212706682043,0.112157711188977,91.1330176039547,1.51333299580725e-96
