"","Estimate","Std. Error","t value","Pr(>|t|)"
"(Intercept)",-0.0657162905002738,0.0924053107433181,-0.711174389996041,0.478665477257595
"x",1.10537672550358,0.0894156845195415,12.3622240487574,1.02567033722135e-21
