"","Estimate","Std. Error","t value","Pr(>|t|)"
"(Intercept)",0.086904550931047,0.110319723647621,0.78775170982692,0.432743160759614
"x",0.370834309908271,0.0999709175903044,3.70942188835362,0.00034460936577235
