"","Estimate","Std. Error","t value","Pr(>|t|)"
"(Intercept)",0.145716551233829,0.088249788772295,1.65118300293966,0.101902311121214
"x",0.774200705675102,0.090872424825525,8.51964396417908,1.95049708430064e-13
