"","Estimate","Std. Error","t value","Pr(>|t|)"
"(Intercept)",-0.095460317318078,0.103836796825223,-0.919330336034493,0.360180116588265
"x",10.0256859727966,0.11704047203779,85.6599926353633,6.07486539249492e-94
