"","Estimate","Std. Error","t value","Pr(>|t|)"
"(Intercept)",-0.0310741237180472,0.0971018117073058,-0.320015900544822,0.749637554044942
"x",9.97452142930186,0.106151905037833,93.9646012546535,7.80277172069281e-98
