"","Estimate","Std. Error","t value","Pr(>|t|)"
"(Intercept)",0.0509529397435775,0.0965470196037996,0.527752590941421,0.59886396278338
"x",1.01650133351644,0.09272472456333,10.9625705366446,9.9904274643656e-19
