"","Estimate","Std. Error","t value","Pr(>|t|)"
"(Intercept)",-0.164941014122696,0.110494652509076,-1.49275110041318,0.138714818635503
"x",0.986400624032194,0.0113350005628839,87.0225474237847,1.31976638220286e-94
