"","Estimate","Std. Error","t value","Pr(>|t|)"
"(Intercept)",0.100265146535369,0.0902809350442859,1.11059047501209,0.269462161300551
"x",1.00054579617896,0.0983133240791722,10.177112874072,4.99596122350278e-17
