"","Estimate","Std. Error","t value","Pr(>|t|)"
"(Intercept)",0.0141193023937343,0.103425001926586,0.136517303656969,0.891692402804675
"x",0.556147445438816,0.107201219037902,5.18788359339633,1.14826072953606e-06
