"","Estimate","Std. Error","t value","Pr(>|t|)"
"(Intercept)",0.0661606318476133,0.10160209864262,0.651173870732039,0.516458272928515
"x",1.01461279885963,0.10886611140456,9.31982217211011,3.62525630525644e-15
