"","Estimate","Std. Error","t value","Pr(>|t|)"
"(Intercept)",-0.118847586649657,0.100205395206306,-1.1860397976074,0.238474192061882
"x",0.548494040304382,0.102928428404036,5.32888774082239,6.31722020155151e-07
