"","Estimate","Std. Error","t value","Pr(>|t|)"
"(Intercept)",0.165472753269248,0.100524196545478,1.64609873996244,0.102946903971606
"x",0.993386556715269,0.00966755924058535,102.754638683251,1.33081095888339e-101
