"","Estimate","Std. Error","t value","Pr(>|t|)"
"(Intercept)",-0.183656084403561,0.105524921347058,-1.74040484521699,0.0849268643973859
"x",10.0548524437077,0.10880107158167,92.4150129914869,3.90985549796203e-97
