"","Estimate","Std. Error","t value","Pr(>|t|)"
"(Intercept)",-0.105982365353743,0.105080758580961,-1.00858013193812,0.315659823156516
"x",0.56083953598798,0.116378786466674,4.81908733554787,5.26766392600353e-06
