"","Estimate","Std. Error","t value","Pr(>|t|)"
"(Intercept)",-0.20064469350275,0.112043763660492,-1.79077073946507,0.0764175631030649
"x",1.09160087881226,0.10835071223055,10.0746996151676,8.33260211580984e-17
