"","Estimate","Std. Error","t value","Pr(>|t|)"
"(Intercept)",0.266385493880072,0.100819703823475,2.64219675100896,0.00958933413661969
"x",0.983253567040219,0.0955990471033695,10.2851816710793,2.91273081700954e-17
