"","Estimate","Std. Error","t value","Pr(>|t|)"
"(Intercept)",-0.0157029128792699,0.101439657849127,-0.154800530800538,0.877296946047642
"x",10.0088017173305,0.0977841477706855,102.356076577997,1.94092895480784e-101
