"","Estimate","Std. Error","t value","Pr(>|t|)"
"(Intercept)",0.032219126199062,0.103810116859122,0.310365956362286,0.756941773433579
"x",9.92411211449879,0.101731346962767,97.5521548744556,2.06176427472453e-99
