"","Estimate","Std. Error","t value","Pr(>|t|)"
"(Intercept)",0.0683090235468461,0.0929237333849686,0.735108470769813,0.46402899215176
"x",0.971611862185409,0.0980980548247902,9.90449671933633,1.95058638870519e-16
