"","Estimate","Std. Error","t value","Pr(>|t|)"
"(Intercept)",0.118068358535597,0.0947359945320534,1.24628826792597,0.215629515054897
"x",10.3006534766536,0.111518492909587,92.3672227619216,4.11081902642161e-97
