"","Estimate","Std. Error","t value","Pr(>|t|)"
"(Intercept)",-0.111440954610725,0.0954284275452447,-1.16779619529923,0.245722303843557
"x",10.3024486273562,0.0935469542644605,110.131310082323,1.57942165901958e-104
