"","Estimate","Std. Error","t value","Pr(>|t|)"
"(Intercept)",-0.097640789345138,0.0950140768482273,-1.02764550879241,0.306646384714546
"x",1.01388740514175,0.00889674812685059,113.961572327962,5.68320893969584e-106
