"","Estimate","Std. Error","t value","Pr(>|t|)"
"(Intercept)",-0.0629605122341165,0.109580891352011,-0.574557401909298,0.566907259151416
"x",1.02309525042613,0.0119851003296481,85.3639287353527,8.49109899227437e-94
