"","Estimate","Std. Error","t value","Pr(>|t|)"
"(Intercept)",0.0440102515482897,0.101177017399049,0.434982693497579,0.664531397298512
"x",0.684665440036311,0.103928354362397,6.58785991789008,2.24106737833642e-09
