"","Estimate","Std. Error","t value","Pr(>|t|)"
"(Intercept)",0.0627292213721243,0.113555700436651,0.552409268146948,0.581925711260284
"x",0.885223668313818,0.122779821445014,7.20984651952976,1.17936359393656e-10
