"","Estimate","Std. Error","t value","Pr(>|t|)"
"(Intercept)",0.176177691309433,0.106094718063241,1.66056986177594,0.0999962428688323
"x",0.587759239626035,0.0958602367141624,6.13141861289812,1.83379461299286e-08
