"","Estimate","Std. Error","t value","Pr(>|t|)"
"(Intercept)",-0.0326288006117037,0.103753488303591,-0.314483890085981,0.753822093510985
"x",0.991963248825351,0.0201585199065115,49.2081389618754,6.60437137123254e-71
