"","Estimate","Std. Error","t value","Pr(>|t|)"
"(Intercept)",0.0883670235285093,0.0989855401026751,0.892726588518368,0.374190517000226
"x",1.02546287988686,0.0947431103637283,10.8236142549047,1.99226096274366e-18
