"","Estimate","Std. Error","t value","Pr(>|t|)"
"(Intercept)",0.0905388530946107,0.0936709156458787,0.966563126562051,0.336141732730949
"x",1.0092863493301,0.0184692814227368,54.6467578369134,3.26371209971844e-75
