"","Estimate","Std. Error","t value","Pr(>|t|)"
"(Intercept)",0.0998423487416733,0.0957842248415338,1.0423673512716,0.299806013216242
"x",0.551850998176406,0.0972841287657056,5.67256966966788,1.42585222765751e-07
