"","Estimate","Std. Error","t value","Pr(>|t|)"
"(Intercept)",0.103562851686826,0.0873913308511255,1.18504719722428,0.238864564355609
"x",0.995308526634056,0.00848190775109966,117.344889362304,3.29913145825641e-107
