"","Estimate","Std. Error","t value","Pr(>|t|)"
"(Intercept)",0.123340043515121,0.106592697315587,1.1571153242323,0.250037879243301
"x",0.994006536207574,0.020895227175079,47.5709848894628,1.59449780952962e-69
