"","Estimate","Std. Error","t value","Pr(>|t|)"
"(Intercept)",0.0240023726216624,0.0969049421185492,0.247689871093457,0.804892586912556
"x",0.990444142469609,0.00955320473949281,103.676637262376,5.58932790314154e-102
