"","Estimate","Std. Error","t value","Pr(>|t|)"
"(Intercept)",0.0505823737264679,0.100798849699941,0.501814989725002,0.616923216875748
"x",1.15056484442305,0.0964207081584339,11.9327566287161,8.33893880594955e-21
