"","Estimate","Std. Error","t value","Pr(>|t|)"
"(Intercept)",-0.0154480790594393,0.0928306205083561,-0.166411459654616,0.868176014756949
"x",9.88484206272462,0.102255675075638,96.6679067485778,4.98699515766983e-99
