"","Estimate","Std. Error","t value","Pr(>|t|)"
"(Intercept)",0.0338345084030609,0.104285573649688,0.324440929065763,0.746295732280768
"x",10.3144394774914,0.105954425013547,97.3478877939518,2.52667653306814e-99
