"","Estimate","Std. Error","t value","Pr(>|t|)"
"(Intercept)",-0.0548163374688293,0.103913068504513,-0.527521112192432,0.599024050896186
"x",0.562615077492344,0.105626383479807,5.3264635118356,6.38288277548078e-07
