"","Estimate","Std. Error","t value","Pr(>|t|)"
"(Intercept)",-0.0581487757058949,0.0979413954683108,-0.593709895880635,0.554074091788978
"x",0.58135895366822,0.0943964441266703,6.15869547891121,1.61994696055789e-08
