"","Estimate","Std. Error","t value","Pr(>|t|)"
"(Intercept)",0.122688249461764,0.0937894913058019,1.30812362615059,0.193891369783262
"x",0.349861984098409,0.102882237484552,3.40060629174148,0.00097415526656591
