"","Estimate","Std. Error","t value","Pr(>|t|)"
"(Intercept)",-0.106888334920677,0.108023903661657,-0.989487801287601,0.324861335491624
"x",0.813012552913467,0.0946969924344092,8.58541049734595,1.40747706546437e-13
