"","Estimate","Std. Error","t value","Pr(>|t|)"
"(Intercept)",-0.0570078545085368,0.091760375842006,-0.621268755554069,0.535865245368857
"x",5.06767141382316,0.090154199666279,56.2111519217297,2.23456705967861e-76
