"","Estimate","Std. Error","t value","Pr(>|t|)"
"(Intercept)",-0.119315408907833,0.100992817327185,-1.18142469994958,0.240293112367752
"x",1.01658528827941,0.018927765157317,53.7086803344254,1.68689872420884e-74
