"","Estimate","Std. Error","t value","Pr(>|t|)"
"(Intercept)",0.0369181325240875,0.0917550183258092,0.402355459109565,0.688298710474165
"x",0.427088609387514,0.0909458710175679,4.69607475973278,8.63776254918362e-06
