"","Estimate","Std. Error","t value","Pr(>|t|)"
"(Intercept)",0.036581745496957,0.111908076657278,0.326891021538951,0.744447477368129
"x",0.926160303451012,0.103362831641531,8.96028377650287,2.18050124900602e-14
