"","Estimate","Std. Error","t value","Pr(>|t|)"
"(Intercept)",-0.0658654238014848,0.100494735001784,-0.655411686993505,0.513738359176225
"x",0.518611419078125,0.101620075576283,5.10343469178804,1.63597593804023e-06
