"","Estimate","Std. Error","t value","Pr(>|t|)"
"(Intercept)",-0.0380507881236406,0.109795046087033,-0.346561975970011,0.729663430289101
"x",9.82753325942149,0.125314616951432,78.4228807340994,3.06793175961144e-90
