"","Estimate","Std. Error","t value","Pr(>|t|)"
"(Intercept)",-0.144059609306162,0.0964853364606783,-1.49307257030577,0.138630768963031
"x",1.01285238949588,0.021769842328645,46.5254811773789,1.28452398317033e-68
