"","Estimate","Std. Error","t value","Pr(>|t|)"
"(Intercept)",0.00957610649431708,0.0914108883202478,0.104758926100447,0.916781212738845
"x",0.965732454292973,0.0816840018426332,11.8227857659752,1.42966179784854e-20
