"","Estimate","Std. Error","t value","Pr(>|t|)"
"(Intercept)",-0.0339780882915091,0.0960381797258922,-0.353797712414874,0.724250513977033
"x",1.02189841207732,0.00970487139361702,105.297470788684,1.23864123202743e-102
