"","Estimate","Std. Error","t value","Pr(>|t|)"
"(Intercept)",-0.107117530659286,0.0948792814544099,-1.12898758314012,0.26165913641485
"x",1.01648237719116,0.00895874102419603,113.462636596573,8.70859241526636e-106
