"","Estimate","Std. Error","t value","Pr(>|t|)"
"(Intercept)",0.0938671518390225,0.0873418209878749,1.07471026797178,0.285143400134033
"x",0.467778255889915,0.0947619428143447,4.93635147188123,3.26635543476628e-06
