"","Estimate","Std. Error","t value","Pr(>|t|)"
"(Intercept)",-0.0407313823206128,0.0976250393713843,-0.417222698017696,0.677428105851916
"x",4.95891263429339,0.087343370972264,56.7749169638541,8.64941921113851e-77
