"","Estimate","Std. Error","t value","Pr(>|t|)"
"(Intercept)",0.0673456503574918,0.103733591980114,0.649217375702191,0.517716542438311
"x",10.0462996143112,0.106131707344031,94.6587958087371,3.82254167262067e-98
