"","Estimate","Std. Error","t value","Pr(>|t|)"
"(Intercept)",0.0150975809649084,0.11334290479042,0.133202700185116,0.894306214741417
"x",0.992550664394809,0.132420510559558,7.49544508022718,2.97598510479012e-11
