"","Estimate","Std. Error","t value","Pr(>|t|)"
"(Intercept)",0.0689810159901044,0.104433791487474,0.660523907133814,0.510467336034233
"x",0.438598564958373,0.100220619915707,4.37633059271904,3.01872487680371e-05
