"","Estimate","Std. Error","t value","Pr(>|t|)"
"(Intercept)",0.0958844703022178,0.101241039816981,0.947090927508783,0.345921943797485
"x",0.991255525200008,0.00935292335855203,105.983497052142,6.5907907463072e-103
