"","Estimate","Std. Error","t value","Pr(>|t|)"
"(Intercept)",-0.108477631282709,0.102877240386185,-1.05443760811917,0.294275330552688
"x",5.02908186336843,0.100921301147023,49.8317184401143,2.01496774544782e-71
