"","Estimate","Std. Error","t value","Pr(>|t|)"
"(Intercept)",-0.0976103166536398,0.103025424564771,-0.947439110937834,0.345745462332226
"x",0.574462650732811,0.0966231595592038,5.9453929405074,4.24621837284067e-08
