"","Estimate","Std. Error","t value","Pr(>|t|)"
"(Intercept)",0.170989519158277,0.0973476918838989,1.75648252001914,0.0821297711202776
"x",1.01252088589425,0.0183835353774525,55.0775933521533,1.54850214893717e-75
