"","Estimate","Std. Error","t value","Pr(>|t|)"
"(Intercept)",-0.0487721871396404,0.096027467578326,-0.507898295868926,0.612665932664316
"x",5.09286743843399,0.0991490234603192,51.3657851655213,1.15057316982048e-72
