"","Estimate","Std. Error","t value","Pr(>|t|)"
"(Intercept)",0.171782460839726,0.106584453000828,1.61170279532598,0.110242730449379
"x",0.995909528039428,0.0107501719391381,92.64126505862,3.08500456497062e-97
