"","Estimate","Std. Error","t value","Pr(>|t|)"
"(Intercept)",-0.00465806474882684,0.0843542193821511,-0.0552202934594693,0.956075383512494
"x",1.01413870804972,0.0791967051313692,12.8053143924043,1.20131985110128e-22
