"","Estimate","Std. Error","t value","Pr(>|t|)"
"(Intercept)",-0.0699236193363221,0.0928539113940421,-0.753049799265739,0.453225233548442
"x",10.0970058233869,0.0925049385820289,109.150992132527,3.7670126723366e-104
