"","Estimate","Std. Error","t value","Pr(>|t|)"
"(Intercept)",-0.108672717303529,0.0929399450152441,-1.16927890677904,0.24512743582054
"x",0.825179520779861,0.104910721514495,7.86554042206113,4.90534885213626e-12
