"","Estimate","Std. Error","t value","Pr(>|t|)"
"(Intercept)",0.0498280472156684,0.107928103249414,0.46167815161654,0.645335323927001
"x",10.0418653733093,0.112620609751592,89.1654324679882,1.25296505490492e-95
