"","Estimate","Std. Error","t value","Pr(>|t|)"
"(Intercept)",0.0860977887380584,0.0968069247950126,0.889376342863585,0.375978824872729
"x",0.996147957573206,0.107842618104127,9.23705280051138,5.48111732521343e-15
