"","Estimate","Std. Error","t value","Pr(>|t|)"
"(Intercept)",0.00645801850726357,0.0879921851526197,0.0733930916258341,0.941642907151463
"x",0.990904872034918,0.00870237830936515,113.865984310122,6.16655386960393e-106
