"","Estimate","Std. Error","t value","Pr(>|t|)"
"(Intercept)",-0.216877424176386,0.10240594071017,-2.11782073063704,0.0367206357360886
"x",9.89098903959701,0.107325483698494,92.1588116703336,5.11664159264241e-97
