"","Estimate","Std. Error","t value","Pr(>|t|)"
"(Intercept)",0.121776771904678,0.116975161783992,1.041048116946,0.300414735949338
"x",0.970217661085281,0.11276626871728,8.60379324528101,1.28472424217425e-13
