"","Estimate","Std. Error","t value","Pr(>|t|)"
"(Intercept)",-0.13967546867404,0.106258786970104,-1.31448393734569,0.191751519074726
"x",1.01561707117108,0.0210179173950496,48.3214893313024,3.65909476704957e-70
