"","Estimate","Std. Error","t value","Pr(>|t|)"
"(Intercept)",-0.0393005160779824,0.0952335747209296,-0.412675006615553,0.680746175660222
"x",0.381514959751806,0.0930114109812282,4.10180810856428,8.4753934462759e-05
