"","Estimate","Std. Error","t value","Pr(>|t|)"
"(Intercept)",-0.00514708975693761,0.0944056964537058,-0.0545209658980866,0.956631098842446
"x",0.989457801355524,0.00882269213530247,112.149192806624,2.70244486156181e-105
