"","Estimate","Std. Error","t value","Pr(>|t|)"
"(Intercept)",-0.088621973612311,0.0942772929207381,-0.940013982866673,0.34952161374374
"x",10.0265224391976,0.0903051989000625,111.029293565851,7.17125321401302e-105
