"","Estimate","Std. Error","t value","Pr(>|t|)"
"(Intercept)",0.0798666262697864,0.102104780481053,0.782202614740522,0.435981394580135
"x",1.00568631261888,0.111412390164594,9.02670081068306,1.56586733670139e-14
