"","Estimate","Std. Error","t value","Pr(>|t|)"
"(Intercept)",-0.111481879600328,0.107698549892893,-1.03512888252626,0.303156287144329
"x",0.880302428755433,0.112296973386238,7.83905747599886,5.5841909299518e-12
