"","Estimate","Std. Error","t value","Pr(>|t|)"
"(Intercept)",-0.0851447184144465,0.0940460537876458,-0.905351314439006,0.367499747947432
"x",5.14913027862726,0.0986688866208413,52.1859570425075,2.57184162258006e-73
