"","Estimate","Std. Error","t value","Pr(>|t|)"
"(Intercept)",-0.0210122816963572,0.105963614794876,-0.198297139419343,0.843223365447483
"x",10.0501896412498,0.11032436041807,91.0967405853519,1.57283879400049e-96
