"","Estimate","Std. Error","t value","Pr(>|t|)"
"(Intercept)",-0.0198539449758179,0.103134259844681,-0.192505817230063,0.847744373641547
"x",1.05450034949487,0.10281571721875,10.2562174151966,3.3658067720054e-17
