"","Estimate","Std. Error","t value","Pr(>|t|)"
"(Intercept)",-0.0789697526747692,0.103880426779189,-0.760198577568702,0.448960930842889
"x",0.978016950288231,0.0977821833206046,10.001995425706,1.19824585784757e-16
