"","Estimate","Std. Error","t value","Pr(>|t|)"
"(Intercept)",-0.0367303393256486,0.0943629782767828,-0.389245231513489,0.69793927065255
"x",0.858637876584821,0.0963957759338006,8.90742222122354,2.83759661533873e-14
