"","Estimate","Std. Error","t value","Pr(>|t|)"
"(Intercept)",-0.00524329055514552,0.0962068365001367,-0.0545001867423223,0.956647611169395
"x",0.998139188177138,0.0101828308193096,98.0217786083979,1.2938744642123e-99
