"","Estimate","Std. Error","t value","Pr(>|t|)"
"(Intercept)",-0.0684755078575776,0.100348815933002,-0.682374846388772,0.496611719462518
"x",9.95906061633672,0.0948815039093738,104.963140401412,1.6870112081895e-102
