"TrueBeta","EstimatedBeta","Bias","EmpSE","MSE","Coverage","SignificantRatio"
5,4.9938045399598,-0.00619546004019522,0.10213241571215,0.0103651037609171,0.96,1
