"","Estimate","Std. Error","t value","Pr(>|t|)"
"(Intercept)",-0.150411970591995,0.112594947840285,-1.3358678473332,0.184686473245992
"x",9.98850909401027,0.122142396642914,81.7775757521108,5.37843435317589e-92
