"","Estimate","Std. Error","t value","Pr(>|t|)"
"(Intercept)",-0.0937113719115087,0.0847907462658195,-1.10520753783347,0.271775657943449
"x",5.08453268467283,0.0880834553005528,57.7240375882589,1.78505464640277e-77
