"","Estimate","Std. Error","t value","Pr(>|t|)"
"(Intercept)",-0.110022946195227,0.0981682377784416,-1.12075910381055,0.265129379945689
"x",0.355060268528059,0.103666614898146,3.42502037784211,0.000899276095830504
