"","Estimate","Std. Error","t value","Pr(>|t|)"
"(Intercept)",-0.193657380162359,0.0990614667643816,-1.95492138858568,0.0534413437789749
"x",1.01105757728996,0.00947181751513971,106.743777070651,3.29079420947452e-103
