"","Estimate","Std. Error","t value","Pr(>|t|)"
"(Intercept)",0.0265077348825554,0.104201919589723,0.254388162779774,0.799728714161799
"x",0.494358607028541,0.0956892910121196,5.16628978853995,1.25740101025085e-06
