"","Estimate","Std. Error","t value","Pr(>|t|)"
"(Intercept)",-0.07416332413877,0.0906906280309335,-0.817761721900016,0.415477071556161
"x",5.07733472228978,0.0848519623095146,59.8375639654529,5.79398345326318e-79
