"","Estimate","Std. Error","t value","Pr(>|t|)"
"(Intercept)",0.147958392889038,0.11312389235079,1.30793230160635,0.193956013321032
"x",9.99948696227404,0.133905546785075,74.6756740280795,3.4412406363979e-88
