"","Estimate","Std. Error","t value","Pr(>|t|)"
"(Intercept)",-0.165745050577172,0.0888325535851174,-1.86581432017891,0.0650582775818381
"x",1.08875463942369,0.0889114013621706,12.2453883612605,1.81096408454904e-21
