"","Estimate","Std. Error","t value","Pr(>|t|)"
"(Intercept)",0.115166322314545,0.0956960756662732,1.20345919634334,0.231697749648333
"x",0.885153724182943,0.091593605443095,9.66392489847851,6.49314589247619e-16
