"","Estimate","Std. Error","t value","Pr(>|t|)"
"(Intercept)",-0.00183678757136385,0.0960548806653699,-0.0191222721702475,0.984782442722627
"x",0.995830176158971,0.00932223034138637,106.823167814031,3.06143305852882e-103
