"","Estimate","Std. Error","t value","Pr(>|t|)"
"(Intercept)",-0.0660804191692493,0.0975758414011649,-0.677221105350985,0.499861242267648
"x",1.00358532252562,0.0182097249676934,55.1126018820227,1.45782416068036e-75
