"","Estimate","Std. Error","t value","Pr(>|t|)"
"(Intercept)",0.0796096881727314,0.103471438804717,0.769388046521511,0.443513446384836
"x",1.00030142393855,0.0100976087537452,99.0631988556235,4.64027859146374e-100
