"","Estimate","Std. Error","t value","Pr(>|t|)"
"(Intercept)",0.0419333682788165,0.10230134058557,0.409900476756131,0.682773608780929
"x",0.345292218408466,0.105437092204536,3.27486476712236,0.00146181148139521
