"","Estimate","Std. Error","t value","Pr(>|t|)"
"(Intercept)",-0.127150591471634,0.108140259214435,-1.17579329285223,0.242526002881559
"x",0.928611864390869,0.130797009304492,7.09964141633454,1.99868297140177e-10
