"","Estimate","Std. Error","t value","Pr(>|t|)"
"(Intercept)",-0.0895807417386122,0.107712449338305,-0.831665627222492,0.407619597704596
"x",9.99341081172034,0.102178078274996,97.8038634160322,1.60570921530299e-99
