"","Estimate","Std. Error","t value","Pr(>|t|)"
"(Intercept)",0.159875026491684,0.0906964380918098,1.76274867961018,0.0810603674562549
"x",5.02941559743944,0.0840739778043125,59.8213112878484,5.94612313880668e-79
