"","Estimate","Std. Error","t value","Pr(>|t|)"
"(Intercept)",-0.0917931036579112,0.108293231797056,-0.847634724115852,0.398706857868936
"x",0.933045639452656,0.105070331884927,8.88020074472145,3.24965680805763e-14
