"","Estimate","Std. Error","t value","Pr(>|t|)"
"(Intercept)",-0.110538545027739,0.110161343965855,-1.00342407825017,0.318127475093348
"x",5.12303039777355,0.117742896727628,43.5103139140915,6.76027706605736e-66
