"","Estimate","Std. Error","t value","Pr(>|t|)"
"(Intercept)",0.0779365740860935,0.0987062357119059,0.789581058622954,0.431678730483541
"x",0.751567582407279,0.102546060172406,7.32907321006488,6.6484927917833e-11
