"","Estimate","Std. Error","t value","Pr(>|t|)"
"(Intercept)",0.113383346364455,0.099382630980627,1.14087688407603,0.256701497582166
"x",9.89366506313837,0.0908244675703773,108.931715514567,4.58028142259053e-104
