"","Estimate","Std. Error","t value","Pr(>|t|)"
"(Intercept)",-0.0545979256217431,0.0980187241848532,-0.557015264948532,0.578786922796409
"x",0.991393532690729,0.0962309867486517,10.3022276523068,2.67517747601859e-17
