"","Estimate","Std. Error","t value","Pr(>|t|)"
"(Intercept)",-0.0405887970582556,0.113186499300108,-0.358601046142759,0.720664927166823
"x",4.9535657617703,0.111000970628295,44.6263283440837,6.3583507425536e-67
