"","Estimate","Std. Error","t value","Pr(>|t|)"
"(Intercept)",-0.0355624770972549,0.106197207078014,-0.33487205620323,0.738437299516022
"x",1.00936164470742,0.0112914630344897,89.39157322876,9.80458797135961e-96
