"","Estimate","Std. Error","t value","Pr(>|t|)"
"(Intercept)",0.117462270762849,0.0970723483391065,1.21004871904936,0.229170848835005
"x",0.995885826501091,0.102158627857851,9.74842602513045,4.255891530392e-16
