"","Estimate","Std. Error","t value","Pr(>|t|)"
"(Intercept)",-0.0156802488656144,0.0988982030156938,-0.158549380954133,0.874350177820323
"x",0.985599077464005,0.0986428815939609,9.99158846069583,1.26220981632983e-16
