"","Estimate","Std. Error","t value","Pr(>|t|)"
"(Intercept)",-0.137301051556299,0.0876823616515247,-1.5658913488436,0.120597540542823
"x",5.13990981107686,0.082958042400239,61.9579447918849,2.08308238832444e-80
