"","Estimate","Std. Error","t value","Pr(>|t|)"
"(Intercept)",-0.099604459954311,0.10946198568428,-0.909945670468641,0.365083757510269
"x",1.00051955406452,0.0201943047540993,49.5446397510378,3.47435584670526e-71
