"","Estimate","Std. Error","t value","Pr(>|t|)"
"(Intercept)",0.00057974478285665,0.0920278329416992,0.00629966787573849,0.994986431668918
"x",9.85695894431283,0.0890233662739118,110.723278133343,9.37869025594311e-105
