"","Estimate","Std. Error","t value","Pr(>|t|)"
"(Intercept)",-0.132156068937889,0.089604151428712,-1.47488779069607,0.143448189713819
"x",1.06631415892721,0.0949494462367478,11.2303357332749,2.64996470992523e-19
