"","Estimate","Std. Error","t value","Pr(>|t|)"
"(Intercept)",-0.14177010877769,0.0921738741259837,-1.53807258425439,0.127253489826286
"x",10.1398568217727,0.0973758450998621,104.131130378114,3.65467625734035e-102
