"","Estimate","Std. Error","t value","Pr(>|t|)"
"(Intercept)",0.11725661530803,0.0968960593011955,1.21012780244803,0.229140643934632
"x",0.478373406012982,0.0942478724050812,5.07569448312757,1.83651104197222e-06
