"","Estimate","Std. Error","t value","Pr(>|t|)"
"(Intercept)",-0.00604537170021515,0.097492225846726,-0.0620087565722367,0.950682150731658
"x",1.01323443054523,0.0915545635924732,11.0670008221035,5.95105264501013e-19
