"","Estimate","Std. Error","t value","Pr(>|t|)"
"(Intercept)",-0.00826526663117207,0.0919391015301542,-0.0898993626608503,0.928550666937766
"x",0.360641960881908,0.0936956917975852,3.84907730508056,0.000211328629784852
