"","Estimate","Std. Error","t value","Pr(>|t|)"
"(Intercept)",-0.0162947542357346,0.0888549458514438,-0.183386012782876,0.854874035578857
"x",1.01244177206037,0.00893322396512899,113.334421706257,9.72096544579255e-106
