"","Estimate","Std. Error","t value","Pr(>|t|)"
"(Intercept)",-0.129830694231374,0.100175370437461,-1.29603408167507,0.198007738713172
"x",1.00964519210119,0.0105490937394672,95.7091876360737,1.31113717446625e-98
