"","Estimate","Std. Error","t value","Pr(>|t|)"
"(Intercept)",0.00460334762362393,0.108379996961778,0.0424741442394336,0.966207141737783
"x",0.86062465843612,0.104631633798117,8.22528165905029,8.36778123955385e-13
