"","Estimate","Std. Error","t value","Pr(>|t|)"
"(Intercept)",-0.0667559029771367,0.102069111416834,-0.654026492936892,0.514626570531692
"x",1.02160912873641,0.0220845973570628,46.2588976479434,2.20173746446355e-68
