"","Estimate","Std. Error","t value","Pr(>|t|)"
"(Intercept)",0.0784595695868946,0.0995109283366224,0.788451790153982,0.432335627873632
"x",1.04512180398694,0.0839665096537343,12.4468887452494,6.79870951440671e-22
