"","Estimate","Std. Error","t value","Pr(>|t|)"
"(Intercept)",-0.075828918467103,0.100446221507128,-0.754920566740501,0.452107068801478
"x",9.975590733706,0.094847569564844,105.174974746043,1.38693661171156e-102
