"","Estimate","Std. Error","t value","Pr(>|t|)"
"(Intercept)",-0.0987931474036253,0.09785313730721,-1.00960633580367,0.315170216045022
"x",5.17198255954376,0.0930547239417406,55.5800107771188,6.53583531388197e-76
