"","Estimate","Std. Error","t value","Pr(>|t|)"
"(Intercept)",0.0327922232515916,0.101128357619383,0.324263381938939,0.746429724714287
"x",0.445424441845577,0.101241039959475,4.39964308963908,2.76029481166294e-05
