"","Estimate","Std. Error","t value","Pr(>|t|)"
"(Intercept)",-0.0419569503246898,0.110103897596105,-0.381066894458186,0.703978469245024
"x",0.579636215410748,0.12147856415286,4.77151026152545,6.38340189469176e-06
