"","Estimate","Std. Error","t value","Pr(>|t|)"
"(Intercept)",0.00251575803466436,0.108100990991344,0.023272293913252,0.981480392464918
"x",0.386824338261011,0.106790182357792,3.62228371298205,0.000464795405889922
