"","Estimate","Std. Error","t value","Pr(>|t|)"
"(Intercept)",0.0537785182441192,0.0975792331019669,0.551126674544803,0.582801178996416
"x",1.1144041734623,0.112023427248479,9.94795643049236,1.56974988319852e-16
