"","Estimate","Std. Error","t value","Pr(>|t|)"
"(Intercept)",-0.00808282298385463,0.0933053960112303,-0.0866276049338216,0.931144274490194
"x",0.99236924019702,0.0205903970403705,48.1957311581382,4.67573709865164e-70
