"","Estimate","Std. Error","t value","Pr(>|t|)"
"(Intercept)",0.105540901206789,0.103872685614336,1.01606019506077,0.312102664431886
"x",0.555019873840662,0.103400715564613,5.36765989297087,5.35260603698286e-07
