"","Estimate","Std. Error","t value","Pr(>|t|)"
"(Intercept)",-0.283594304710093,0.0984373677663946,-2.88096188617214,0.00487061962015463
"x",0.879109720114357,0.11213081164217,7.84003707134272,5.55749100913265e-12
