"","Estimate","Std. Error","t value","Pr(>|t|)"
"(Intercept)",-0.00109084778056329,0.101931548956507,-0.0107017679190644,0.991483143285732
"x",1.11972681351395,0.115622573357495,9.68432703925252,5.86352994344848e-16
