"","Estimate","Std. Error","t value","Pr(>|t|)"
"(Intercept)",0.0668049196831719,0.110841803146803,0.602705096692564,0.548097060245868
"x",0.623945890990323,0.10817263835593,5.76805651108643,9.35803895374561e-08
