"","Estimate","Std. Error","t value","Pr(>|t|)"
"(Intercept)",0.0160500754074679,0.0934855712608595,0.171685054613211,0.864039157157569
"x",0.996919559485658,0.00905290286853988,110.121534933297,1.59311064023613e-104
