"","Estimate","Std. Error","t value","Pr(>|t|)"
"(Intercept)",-0.066922704901868,0.106667473945249,-0.627395610176527,0.531859039277023
"x",1.00192540675934,0.107563507493331,9.31473350124304,3.71858915121316e-15
