"","Estimate","Std. Error","t value","Pr(>|t|)"
"(Intercept)",-0.117670251447869,0.102220582909044,-1.15114048559646,0.252475311255339
"x",1.00303665981793,0.0104261205564486,96.2042069614806,7.95013989354829e-99
