"","Estimate","Std. Error","t value","Pr(>|t|)"
"(Intercept)",0.113051972179695,0.102441819551276,1.10357247337947,0.272481107914657
"x",4.95912523244384,0.11538065468859,42.9805606999581,2.11658432886499e-65
