"","Estimate","Std. Error","t value","Pr(>|t|)"
"(Intercept)",-0.0260289574701352,0.0972575899910576,-0.267629060853023,0.789547311163918
"x",1.00222706123076,0.0115955664572356,86.4319190379333,2.55067280103776e-94
