"","Estimate","Std. Error","t value","Pr(>|t|)"
"(Intercept)",0.155090475104252,0.103342328648876,1.50074492351724,0.136636596682006
"x",0.944230946791704,0.0205072522018307,46.0437574716817,3.40822823210235e-68
