"","Estimate","Std. Error","t value","Pr(>|t|)"
"(Intercept)",0.0927660784090104,0.103892629276036,0.892903366248795,0.374096304463542
"x",1.02081814026193,0.0205402159515675,49.6985106032455,2.59357605393865e-71
