"","Estimate","Std. Error","t value","Pr(>|t|)"
"(Intercept)",0.0400734415605936,0.0880543327208822,0.455099031726466,0.650044621449379
"x",0.583988529917155,0.0922665742756043,6.32936179219959,7.42108120476286e-09
