"","Estimate","Std. Error","t value","Pr(>|t|)"
"(Intercept)",-0.0373090749464156,0.0944574139441028,-0.394983023444767,0.693713800137916
"x",4.93649904491561,0.0893072833434331,55.2754362254218,1.10157885675087e-75
