"","Estimate","Std. Error","t value","Pr(>|t|)"
"(Intercept)",0.0664901198172376,0.0977693368381261,0.680071298093424,0.498062731615006
"x",10.015020247528,0.103635363697635,96.637092689207,5.14361478005957e-99
