"","Estimate","Std. Error","t value","Pr(>|t|)"
"(Intercept)",-0.151483652389695,0.0970099189488167,-1.56152746060554,0.121622968161827
"x",0.883613670803517,0.106101899325345,8.32797222690665,5.038808273615e-13
