"","Estimate","Std. Error","t value","Pr(>|t|)"
"(Intercept)",0.0678002975707584,0.0905455223761668,0.748797906196681,0.455772492003254
"x",0.9366115060422,0.0856396422955036,10.9366583154374,1.13618849000678e-18
