"","Estimate","Std. Error","t value","Pr(>|t|)"
"(Intercept)",-0.00274332455128832,0.0918493369636616,-0.0298676576443188,0.976233341507226
"x",0.974931946101647,0.0824925787352898,11.8184200451546,1.46061691236443e-20
