"","Estimate","Std. Error","t value","Pr(>|t|)"
"(Intercept)",-0.0047245177498169,0.102593561731934,-0.0460508210267771,0.963363454134113
"x",4.88000020592524,0.0996912450379486,48.9511411364921,1.08160750220193e-70
