"","Estimate","Std. Error","t value","Pr(>|t|)"
"(Intercept)",-0.111324132899394,0.0983029462109323,-1.13245978061046,0.26020439141046
"x",10.0293294247576,0.0980779541845953,102.258754356571,2.12875071741928e-101
