"","Estimate","Std. Error","t value","Pr(>|t|)"
"(Intercept)",0.0797926080018021,0.0966874011817995,0.825263757495866,0.411226238957162
"x",1.09857600718023,0.0976375133810975,11.2515770746053,2.38560608508742e-19
