"","Estimate","Std. Error","t value","Pr(>|t|)"
"(Intercept)",-0.0881791920911915,0.0828913476781991,-1.06379247727424,0.290036922131627
"x",0.972873298022206,0.0190968845510128,50.9440843831571,2.5074476848082e-72
