"","Estimate","Std. Error","t value","Pr(>|t|)"
"(Intercept)",0.117032287277418,0.101363864180568,1.15457602394615,0.251071738597841
"x",4.95374771651937,0.102587798561288,48.2878839978218,3.90662298099807e-70
