"","Estimate","Std. Error","t value","Pr(>|t|)"
"(Intercept)",0.046520599229367,0.0944776816655678,0.492397764310524,0.62353950388367
"x",0.443546926043692,0.0937798365568909,4.72966196496427,7.55200626097319e-06
