"","Estimate","Std. Error","t value","Pr(>|t|)"
"(Intercept)",0.0795972638793674,0.112865424753889,0.705240458297433,0.482333497968208
"x",1.26392813602359,0.120540440665243,10.4855111616332,1.07230916723223e-17
