"","Estimate","Std. Error","t value","Pr(>|t|)"
"(Intercept)",0.0472732918359152,0.100455887974978,0.470587566232956,0.638980993008995
"x",1.1286966847743,0.11505120694369,9.81038543408519,3.12227356079617e-16
