"","Estimate","Std. Error","t value","Pr(>|t|)"
"(Intercept)",0.0907724536551875,0.101631487307072,0.893152860992041,0.373963363224805
"x",0.370827227169489,0.105350519762287,3.51993732927207,0.000656587192226125
