"","Estimate","Std. Error","t value","Pr(>|t|)"
"(Intercept)",0.0177484126378133,0.0960353199206187,0.1848113033047,0.853758965628996
"x",0.962573895727988,0.0187745741858965,51.2700786817885,1.37236538285279e-72
