"","Estimate","Std. Error","t value","Pr(>|t|)"
"(Intercept)",-0.0886910194351483,0.0918862342805846,-0.965226403384001,0.336807291403645
"x",10.0691684568502,0.0932028503538334,108.034984108574,1.02288996801657e-103
