"","Estimate","Std. Error","t value","Pr(>|t|)"
"(Intercept)",0.213106082302526,0.0916486659014069,2.32525023912274,0.0221209740340639
"x",5.06026212399198,0.0900088418027906,56.2196115697057,2.20282138758711e-76
