"","Estimate","Std. Error","t value","Pr(>|t|)"
"(Intercept)",-0.146894733626616,0.112877112290239,-1.30136863573288,0.196183443246691
"x",4.86917940814216,0.129408054478452,37.6265559958087,4.64267553598562e-60
