"","Estimate","Std. Error","t value","Pr(>|t|)"
"(Intercept)",0.132191648788129,0.102215515774049,1.29326401952854,0.198959992522091
"x",0.978996744832536,0.0956766172351054,10.2323511545862,3.79169736719911e-17
