"","Estimate","Std. Error","t value","Pr(>|t|)"
"(Intercept)",-0.281725680062241,0.100312339534864,-2.80848479228547,0.00600807973188409
"x",0.482807495879549,0.098958888057826,4.87886945129601,4.13182374940699e-06
