"","Estimate","Std. Error","t value","Pr(>|t|)"
"(Intercept)",0.0794285799086108,0.101368004794215,0.783566570831272,0.435184131165909
"x",1.03504375210193,0.0202363054273456,51.1478617387962,1.71958705773086e-72
