"","Estimate","Std. Error","t value","Pr(>|t|)"
"(Intercept)",-0.00426578077297046,0.0975122170829811,-0.043746116133739,0.96519579053892
"x",4.98232171864944,0.105425606483629,47.2591231374432,2.95789728383688e-69
