"","Estimate","Std. Error","t value","Pr(>|t|)"
"(Intercept)",-0.125254678586592,0.0956555946714601,-1.30943390208166,0.193449093520271
"x",0.861140640782412,0.0968157807619436,8.894630957941,3.02428850538136e-14
