"","Estimate","Std. Error","t value","Pr(>|t|)"
"(Intercept)",0.236023909921916,0.0933790651095466,2.52758912980149,0.0130836502782461
"x",0.847958464083522,0.0848856983649933,9.98941494758578,1.27599415073282e-16
