"","Estimate","Std. Error","t value","Pr(>|t|)"
"(Intercept)",-0.16168691914497,0.0904437908887447,-1.78770612726596,0.0769143516177315
"x",1.00767056024578,0.0098947253671572,101.839164085389,3.17325927066797e-101
