"","Estimate","Std. Error","t value","Pr(>|t|)"
"(Intercept)",0.0503442396317774,0.103794528296998,0.485037510722357,0.628732215630531
"x",0.939975494488958,0.11968832789232,7.85352683124312,5.20247298241846e-12
