"","Estimate","Std. Error","t value","Pr(>|t|)"
"(Intercept)",-0.0171305065291262,0.0969123469810946,-0.176762890000672,0.860059434246814
"x",1.02074788242916,0.0192926438926851,52.9086572118911,6.99432825872789e-74
