"","Estimate","Std. Error","t value","Pr(>|t|)"
"(Intercept)",0.0922938950411908,0.103172572964356,0.894558431464889,0.373214971135775
"x",10.0505848586179,0.103009241475419,97.5697395171703,2.02602652255947e-99
