"","Estimate","Std. Error","t value","Pr(>|t|)"
"(Intercept)",-0.0917706889988104,0.0978794785745202,-0.937588658371745,0.350760784247235
"x",9.9038715885716,0.0994499761537193,99.5864651919398,2.78295658145948e-100
