"","Estimate","Std. Error","t value","Pr(>|t|)"
"(Intercept)",-0.0304772731220623,0.107153606326625,-0.284426013895991,0.776684055352098
"x",0.93829081002581,0.0991364374333154,9.46464119872126,1.7582441273968e-15
