"","Estimate","Std. Error","t value","Pr(>|t|)"
"(Intercept)",0.00100028016913476,0.0947157288857662,0.0105608665097343,0.991595273520086
"x",0.905865423351327,0.0901866458250984,10.0443409893312,9.69735179142734e-17
