"","Estimate","Std. Error","t value","Pr(>|t|)"
"(Intercept)",0.0839295083644802,0.110748238056261,0.757840574599874,0.450364937340106
"x",1.27039537362212,0.112753018867546,11.2670630585464,2.20969154752514e-19
