"","Estimate","Std. Error","t value","Pr(>|t|)"
"(Intercept)",0.135160023364881,0.104663714413635,1.29137422765949,0.199611586609455
"x",0.961206257708679,0.102627986530885,9.3659272699403,2.87943292448558e-15
