"","Estimate","Std. Error","t value","Pr(>|t|)"
"(Intercept)",0.0617679096515989,0.111060190104,0.556166071692815,0.579365003843832
"x",0.990884131944651,0.010942012092403,90.5577624642384,2.79453763334864e-96
