"","Estimate","Std. Error","t value","Pr(>|t|)"
"(Intercept)",-0.179779907386577,0.104170640059106,-1.72582128020497,0.0875312347221829
"x",1.08052733304911,0.0974470503462341,11.0883534104926,5.35331885966784e-19
