"","Estimate","Std. Error","t value","Pr(>|t|)"
"(Intercept)",-0.0599421069354481,0.087940136308861,-0.681623993905593,0.497084432227785
"x",4.8589433873998,0.0956835625498988,50.7813803950482,3.39202989124568e-72
