"","Estimate","Std. Error","t value","Pr(>|t|)"
"(Intercept)",-0.00695689681397866,0.0951788170470183,-0.073092911110063,0.941881159908814
"x",0.894600541059139,0.117837440468708,7.59181918328156,1.86445140011549e-11
