"","Estimate","Std. Error","t value","Pr(>|t|)"
"(Intercept)",0.100946680473638,0.0997815616581423,1.01167669453288,0.314183980237814
"x",5.08756416826914,0.0963776265092791,52.7878134431887,8.68561155746361e-74
