"","Estimate","Std. Error","t value","Pr(>|t|)"
"(Intercept)",-0.149782553144619,0.108063364572407,-1.38606227686219,0.168873655015365
"x",4.96115819717852,0.10884191298254,45.5813212137717,8.77346346371881e-68
