"","Estimate","Std. Error","t value","Pr(>|t|)"
"(Intercept)",0.0454106038649258,0.102430065870192,0.443332760543901,0.658502242184415
"x",1.03418099923405,0.0213639704717016,48.4077152514282,3.09396576495619e-70
