"","Estimate","Std. Error","t value","Pr(>|t|)"
"(Intercept)",-0.101606189064791,0.0908237730470456,-1.11871799261367,0.265995150712363
"x",1.03645871331294,0.0184588127130583,56.1498038592544,2.47903967668512e-76
