"","Estimate","Std. Error","t value","Pr(>|t|)"
"(Intercept)",0.17810129815495,0.103250376895084,1.72494574364532,0.087689649722831
"x",5.01478411449385,0.101895354222496,49.2150417725982,6.51765583898376e-71
