"","Estimate","Std. Error","t value","Pr(>|t|)"
"(Intercept)",-0.0478466663869757,0.105052113447355,-0.455456485518048,0.649788390835988
"x",0.554002863425421,0.108303397530534,5.11528609496512,1.55696871196853e-06
