"","Estimate","Std. Error","t value","Pr(>|t|)"
"(Intercept)",-0.22329180978577,0.0874741598039551,-2.55266024030646,0.0122338334700774
"x",0.987960071526829,0.00859962141446466,114.884135464972,2.59392961887216e-106
