"","Estimate","Std. Error","t value","Pr(>|t|)"
"(Intercept)",-0.113314581012778,0.0920050138237447,-1.23161310784493,0.22104085815469
"x",1.01278890264127,0.00853659757249997,118.640816090932,1.13286950809044e-107
