"","Estimate","Std. Error","t value","Pr(>|t|)"
"(Intercept)",0.104301675245376,0.0932278393078108,1.11878250123338,0.265967758118844
"x",0.831765512670583,0.0967415781409071,8.59780798137374,1.32347163063755e-13
