"","Estimate","Std. Error","t value","Pr(>|t|)"
"(Intercept)",-0.0866221417548216,0.104698686187229,-0.82734697931088,0.410050501882268
"x",0.987267289236465,0.0115949072699738,85.1466308655263,1.08646054718458e-93
