"","Estimate","Std. Error","t value","Pr(>|t|)"
"(Intercept)",0.0193121620706613,0.110561492940795,0.174673492162438,0.861696556344882
"x",4.86751470430386,0.113066643205099,43.0499620960212,1.82132232954043e-65
