"","Estimate","Std. Error","t value","Pr(>|t|)"
"(Intercept)",-0.0435358533681258,0.112131724758157,-0.388256342814872,0.698668481979537
"x",0.438733244360469,0.107520133393422,4.08047526089947,9.16764522590867e-05
