"","Estimate","Std. Error","t value","Pr(>|t|)"
"(Intercept)",-0.00717153651368936,0.106000153659307,-0.0676559067710341,0.946197393576956
"x",5.05849698480439,0.116549334788843,43.4021952503554,8.524788146764e-66
