"","Estimate","Std. Error","t value","Pr(>|t|)"
"(Intercept)",-0.14598344085322,0.107264418822203,-1.36096799345174,0.176645285735663
"x",1.0014931516895,0.0228812406005269,43.7691805778414,3.88802983658816e-66
