"","Estimate","Std. Error","t value","Pr(>|t|)"
"(Intercept)",-0.000236638192312055,0.0956056501197953,-0.00247514861324141,0.99803015062644
"x",0.971280858522308,0.0180339112916158,53.8585802500799,1.29513819292069e-74
