"","Estimate","Std. Error","t value","Pr(>|t|)"
"(Intercept)",0.00624926936180064,0.0930699954515853,0.0671459081036647,0.946602346656363
"x",0.522520648256446,0.0937854633265439,5.57144603995957,2.21945971454704e-07
