"","Estimate","Std. Error","t value","Pr(>|t|)"
"(Intercept)",-0.0395168310360759,0.109737454614597,-0.360103404756936,0.719544723012106
"x",0.990815091879574,0.0104425834545948,94.8821808499515,3.0416083970268e-98
