"","Estimate","Std. Error","t value","Pr(>|t|)"
"(Intercept)",-0.0262194844862432,0.0994556190545258,-0.263629996329001,0.792618580122424
"x",5.02504276701474,0.106801032252854,47.0505074812183,4.4813221379194e-69
