"","Estimate","Std. Error","t value","Pr(>|t|)"
"(Intercept)",-0.178347152546677,0.102880185858932,-1.73354228569555,0.0861443622897226
"x",9.84701109570268,0.0914488110965056,107.677847066936,1.41121166532725e-103
