"","Estimate","Std. Error","t value","Pr(>|t|)"
"(Intercept)",0.155890766901063,0.0883925353320806,1.76361913724275,0.0809127242201043
"x",10.0598113118027,0.0866979653656336,116.032841940145,9.85309081466941e-107
