"","Estimate","Std. Error","t value","Pr(>|t|)"
"(Intercept)",-0.00738129775383594,0.0960350197266199,-0.0768604804252455,0.9388912364901
"x",1.00916271922682,0.019306238361609,52.2713280715298,2.20325270482172e-73
