"","Estimate","Std. Error","t value","Pr(>|t|)"
"(Intercept)",-0.158392593074909,0.089920151874486,-1.76148048877853,0.0812758698397789
"x",0.99210614186513,0.0155256552944773,63.9010800541241,1.08603319661926e-81
