"TrueBeta","EstimatedBeta","Bias","EmpSE","MSE","Coverage","SignificantRatio"
1,1.00261550948167,0.002615509481668,0.0207389541632045,0.000432644067434356,0.95,1
