"","Estimate","Std. Error","t value","Pr(>|t|)"
"(Intercept)",0.00318914527859673,0.0954502944624787,0.0334115813529561,0.973414330798022
"x",0.947676913049259,0.0184549000813621,51.3509641813957,1.18239029231633e-72
