"","Estimate","Std. Error","t value","Pr(>|t|)"
"(Intercept)",-0.123985313486144,0.0980032502286919,-1.26511430178921,0.208830289119028
"x",0.960638554071033,0.0970830645512807,9.89501679320815,2.04523722388993e-16
