"","Estimate","Std. Error","t value","Pr(>|t|)"
"(Intercept)",-0.139652962925694,0.0888224785895212,-1.57227050115408,0.11911094203088
"x",0.997231586042232,0.00900554623609705,110.735269121713,9.28045810026022e-105
