"","Estimate","Std. Error","t value","Pr(>|t|)"
"(Intercept)",-0.00738388201336049,0.107322334701741,-0.0688009819566545,0.945288223718839
"x",10.0111254294542,0.108524094604649,92.247951627005,4.65910424250509e-97
