"","Estimate","Std. Error","t value","Pr(>|t|)"
"(Intercept)",-0.0014620007923746,0.101200425140213,-0.014446587456021,0.988503061790564
"x",9.93391200365727,0.0918719204137513,108.127836654761,9.40949055435836e-104
