"","Estimate","Std. Error","t value","Pr(>|t|)"
"(Intercept)",-0.0334850654822715,0.104580959398513,-0.320183192761451,0.749511126148532
"x",1.0958307084491,0.101209708513453,10.8273279761837,1.95582226900396e-18
