"","Estimate","Std. Error","t value","Pr(>|t|)"
"(Intercept)",0.026434189944178,0.0866142210699182,0.305194569871377,0.76086522961566
"x",9.95251274693719,0.0958560553360225,103.827689466761,4.85231402612398e-102
