"","Estimate","Std. Error","t value","Pr(>|t|)"
"(Intercept)",-0.188790231619254,0.0985261025128874,-1.91614431916212,0.058260828466367
"x",0.489602696222174,0.0922075695746209,5.30978853993058,6.85298511639388e-07
