"","Estimate","Std. Error","t value","Pr(>|t|)"
"(Intercept)",0.0331092091538634,0.0995147329356857,0.332706607123803,0.740066421361945
"x",1.07234111957391,0.0999937744762061,10.7240788258181,3.26827994860563e-18
