"","Estimate","Std. Error","t value","Pr(>|t|)"
"(Intercept)",0.0785842568850591,0.101855941194693,0.771523545542118,0.44225304187564
"x",0.99871466651219,0.0190922443706822,52.3099666609027,2.05443563387272e-73
