"","Estimate","Std. Error","t value","Pr(>|t|)"
"(Intercept)",-0.177596973563198,0.107132174685346,-1.65773703450724,0.100568403169667
"x",0.929658068376283,0.0920109686135306,10.1037743910846,7.20610427106321e-17
