"","Estimate","Std. Error","t value","Pr(>|t|)"
"(Intercept)",-0.111096164019832,0.0966519300354814,-1.14944589289679,0.253169670159089
"x",0.996869664710545,0.00946288046837807,105.34526649066,1.18521876152264e-102
