"","Estimate","Std. Error","t value","Pr(>|t|)"
"(Intercept)",0.104578783921894,0.110405763429579,0.947222143784171,0.345855428217528
"x",0.987122493305184,0.0113030375755482,87.3324968361263,9.35586497107496e-95
