"","Estimate","Std. Error","t value","Pr(>|t|)"
"(Intercept)",-0.0476625123209106,0.0893829443545295,-0.533239452617062,0.595075091827701
"x",0.540763731946393,0.0858446951271058,6.29932613943951,8.51905050607534e-09
