"TrueBeta","EstimatedBeta","Bias","EmpSE","MSE","Coverage","SignificantRatio"
1,1.00550953495752,0.00550953495751738,0.101526979694393,0.0102350053052551,0.95,1
