"","Estimate","Std. Error","t value","Pr(>|t|)"
"(Intercept)",-0.0685992743548451,0.094756761439043,-0.723951233801664,0.470820334982892
"x",9.88488552932456,0.0950586347020262,103.987244928459,4.18000124979691e-102
