"","Estimate","Std. Error","t value","Pr(>|t|)"
"(Intercept)",-0.055986697813205,0.0874347266321518,-0.640325645995872,0.523455257258585
"x",5.20364418896925,0.0981733328743038,53.0046605999587,5.89071474470542e-74
