"","Estimate","Std. Error","t value","Pr(>|t|)"
"(Intercept)",-0.0896023686604594,0.106379633256804,-0.8422887531879,0.401677223291913
"x",0.498651576904436,0.10198091684354,4.88965575461016,3.95399519697317e-06
