"","Estimate","Std. Error","t value","Pr(>|t|)"
"(Intercept)",-0.0590850345900096,0.0993307356690623,-0.594831339887199,0.553327162817552
"x",1.01351203193728,0.0104034344855102,97.4209078116357,2.34941708992261e-99
