"","Estimate","Std. Error","t value","Pr(>|t|)"
"(Intercept)",0.0346822468723981,0.0944620390937274,0.367155390727757,0.714294753008651
"x",4.98980221781577,0.101404838964391,49.2067466284126,6.622003060345e-71
