"","Estimate","Std. Error","t value","Pr(>|t|)"
"(Intercept)",0.124406641767286,0.110985602979699,1.12092594379148,0.265058699281871
"x",10.0528001914622,0.110102483841876,91.3040273087709,1.26201367356404e-96
