"","Estimate","Std. Error","t value","Pr(>|t|)"
"(Intercept)",-0.161922879334067,0.0977140470359595,-1.65710953794062,0.100695499536814
"x",5.03808943418402,0.089763321650614,56.1263703430426,2.57940214954312e-76
