"","Estimate","Std. Error","t value","Pr(>|t|)"
"(Intercept)",0.118207911628632,0.102455603024352,1.15374765400127,0.251409658279456
"x",1.11093811287898,0.0980140884559737,11.334473751475,1.58342222248865e-19
