"TrueBeta","EstimatedBeta","Bias","EmpSE","MSE","Coverage","SignificantRatio"
0.5,0.489509205374464,-0.0104907946255364,0.103527990453518,0.0107209211311455,0.95,1
