"","Estimate","Std. Error","t value","Pr(>|t|)"
"(Intercept)",0.134099545760239,0.101009151630969,1.32759798092517,0.187395210854788
"x",0.946836719132715,0.10925393382674,8.66638560250155,9.41445848977707e-14
