"","Estimate","Std. Error","t value","Pr(>|t|)"
"(Intercept)",0.086355667176226,0.101096846733904,0.854187543588992,0.395084308574231
"x",1.03918209460567,0.0221259847185473,46.9665918974701,5.29892872231848e-69
