"","Estimate","Std. Error","t value","Pr(>|t|)"
"(Intercept)",0.088875419336504,0.0972899786235996,0.913510523836682,0.36321609798107
"x",0.995061683183385,0.00903544792608696,110.128650103828,1.58313484580354e-104
