"","Estimate","Std. Error","t value","Pr(>|t|)"
"(Intercept)",-0.0466833744461482,0.0898765671215554,-0.51941652803684,0.604641461537379
"x",4.8601974640887,0.0864881669382384,56.1949412982632,2.29669595044055e-76
