"","Estimate","Std. Error","t value","Pr(>|t|)"
"(Intercept)",0.0546820016393506,0.105427426122573,0.518669606671189,0.605160369688156
"x",4.84824359338442,0.109943693685422,44.0975141990092,1.93583376507876e-66
