"","Estimate","Std. Error","t value","Pr(>|t|)"
"(Intercept)",-0.0430116023589764,0.0949100623895395,-0.453182742441405,0.651418974936491
"x",1.02252120030504,0.0957045862388782,10.6841400238943,3.98687394335526e-18
