"","Estimate","Std. Error","t value","Pr(>|t|)"
"(Intercept)",-0.0946877746814341,0.10871969210912,-0.870934904657366,0.385918198326066
"x",0.933257297819514,0.118838569762793,7.85315154568369,5.21203755637046e-12
