"","Estimate","Std. Error","t value","Pr(>|t|)"
"(Intercept)",-0.124058369590983,0.0911677802325498,-1.36076988245777,0.176707699328775
"x",1.05795550054355,0.0828483278894031,12.7697870010829,1.42571380796332e-22
