"","Estimate","Std. Error","t value","Pr(>|t|)"
"(Intercept)",-0.0365523862130293,0.103222028118305,-0.354114202940633,0.724014070360477
"x",0.991207275331842,0.0102409390001531,96.7887100310845,4.41804825221154e-99
