"","Estimate","Std. Error","t value","Pr(>|t|)"
"(Intercept)",-0.129568857106377,0.101703988222541,-1.27398010019887,0.205683494134551
"x",0.498330798256572,0.0966143979958498,5.15793513796959,1.30229119716872e-06
