"","Estimate","Std. Error","t value","Pr(>|t|)"
"(Intercept)",-0.000909738671943949,0.0899645627874787,-0.0101121891082048,0.991952334951276
"x",1.27513235642746,0.099430054042442,12.8244158037284,1.09570551047531e-22
