"","Estimate","Std. Error","t value","Pr(>|t|)"
"(Intercept)",-0.158707102093865,0.0932226323397002,-1.70245248509548,0.0918406083177519
"x",1.05534089385584,0.104996369271604,10.0512132102958,9.37003315157095e-17
