"","Estimate","Std. Error","t value","Pr(>|t|)"
"(Intercept)",-0.0624423242867513,0.10735580948695,-0.581638987076349,0.562145403722613
"x",0.888294858207376,0.117618365246046,7.55234827783191,2.25838162708091e-11
