"","Estimate","Std. Error","t value","Pr(>|t|)"
"(Intercept)",0.00574142539492648,0.101522643794168,0.0565531509065791,0.955016298735007
"x",0.961654376847926,0.0213296995293816,45.0852284873141,2.44309749165074e-67
