"","Estimate","Std. Error","t value","Pr(>|t|)"
"(Intercept)",0.125788432750779,0.105634679343015,1.1907872824825,0.236613412655839
"x",0.969652105462956,0.0200179394634724,48.4391566490808,2.91057130991489e-70
