"","Estimate","Std. Error","t value","Pr(>|t|)"
"(Intercept)",-0.150293256292575,0.103088151224432,-1.45791009449159,0.148062593182442
"x",1.02051186090812,0.0198663612512988,51.3688363963182,1.14413098375294e-72
