"","Estimate","Std. Error","t value","Pr(>|t|)"
"(Intercept)",0.15381633067092,0.0954993405011062,1.61065332874354,0.11047169530025
"x",5.00364708014839,0.0805565729627172,62.1134551300258,1.6392239398143e-80
