"","Estimate","Std. Error","t value","Pr(>|t|)"
"(Intercept)",0.0179410059263555,0.114606366685978,0.156544583387011,0.875925823307798
"x",4.78063738557161,0.120763258744409,39.5868531147347,4.33889923528921e-62
