"","Estimate","Std. Error","t value","Pr(>|t|)"
"(Intercept)",0.314756411323137,0.0969381160867773,3.24698296221656,0.00159724507025088
"x",0.999109395421232,0.0173063388755386,57.7308350776262,1.76515014057784e-77
