"","Estimate","Std. Error","t value","Pr(>|t|)"
"(Intercept)",-0.102833776050297,0.122756578682326,-0.837704806977506,0.404234894856419
"x",1.00814093299745,0.023568722282014,42.7745263801082,3.31056438456792e-65
