"","Estimate","Std. Error","t value","Pr(>|t|)"
"(Intercept)",0.141951982332802,0.101723211708604,1.39547287141736,0.166027332136459
"x",0.996118576233754,0.0104739178920415,95.1046768268677,2.42368645732795e-98
