"","Estimate","Std. Error","t value","Pr(>|t|)"
"(Intercept)",-0.145394059928091,0.115886624743216,-1.25462330316599,0.212599510587292
"x",0.969061028181717,0.0222679548242006,43.5181872709994,6.64720100112179e-66
