"","Estimate","Std. Error","t value","Pr(>|t|)"
"(Intercept)",0.153068004965569,0.0991766600346699,1.54338737473171,0.12595991609272
"x",1.00137155690806,0.0937348430113662,10.6830237800327,4.00908528795795e-18
