"","Estimate","Std. Error","t value","Pr(>|t|)"
"(Intercept)",-0.0121535889377917,0.0975976302192976,-0.124527500416589,0.901152702533912
"x",1.01557087522923,0.0197582510409048,51.3998366113849,1.08070830226247e-72
