"","Estimate","Std. Error","t value","Pr(>|t|)"
"(Intercept)",0.0046758333101675,0.105820695795622,0.0441863784301533,0.964845748950193
"x",0.85777421717362,0.105532605053687,8.12804930511521,1.35141776040323e-12
