"","Estimate","Std. Error","t value","Pr(>|t|)"
"(Intercept)",0.192051367511328,0.104585928693278,1.83630216713534,0.069344575582751
"x",5.05449312842745,0.110784817234754,45.6244208781508,8.03042608237399e-68
