"","Estimate","Std. Error","t value","Pr(>|t|)"
"(Intercept)",0.0975596346022326,0.105556813928007,0.924238151681721,0.357632500298747
"x",0.778872186420142,0.103199384842737,7.54725609660412,2.31488652465869e-11
