"","Estimate","Std. Error","t value","Pr(>|t|)"
"(Intercept)",0.12482941219511,0.100635702167104,1.24040881622541,0.217785767291542
"x",0.998166536081572,0.103346808210842,9.65841667838613,6.67443103404384e-16
