"","Estimate","Std. Error","t value","Pr(>|t|)"
"(Intercept)",-0.175257410212879,0.0910190376115017,-1.92550278284565,0.0570653253293087
"x",0.349048523133354,0.0969856020384667,3.59897258765186,0.000503130787673034
