"","Estimate","Std. Error","t value","Pr(>|t|)"
"(Intercept)",0.016571508046571,0.10897434981265,0.152067968976745,0.879445955920292
"x",0.916668482015425,0.103505338774032,8.85624348340767,3.66142707167674e-14
