"","Estimate","Std. Error","t value","Pr(>|t|)"
"(Intercept)",-0.0654044808305703,0.0963343798264217,-0.678931871969468,0.498781305407907
"x",0.841751737248739,0.0941070594842315,8.94461841504868,2.35755753616636e-14
