"","Estimate","Std. Error","t value","Pr(>|t|)"
"(Intercept)",0.00453970596281579,0.0922932277206661,0.0491878556523738,0.960869698482207
"x",9.87454483674802,0.0888316729119317,111.160180969886,6.39503034496835e-105
