"","Estimate","Std. Error","t value","Pr(>|t|)"
"(Intercept)",0.0143769453619313,0.0957109414028001,0.150212140338542,0.880905978600785
"x",0.999930889275736,0.0107044416627167,93.4127085542879,1.38109218889574e-97
