"","Estimate","Std. Error","t value","Pr(>|t|)"
"(Intercept)",-0.125176325884643,0.115282963319537,-1.08581807996801,0.280223196710961
"x",1.05331747862395,0.101774590483263,10.3495133080115,2.112895438125e-17
