"","Estimate","Std. Error","t value","Pr(>|t|)"
"(Intercept)",-0.189986171948014,0.0915322281280632,-2.07562053096974,0.0405478558697701
"x",4.91093415288197,0.0949225286378266,51.7362339937178,5.83226005379846e-73
