"","Estimate","Std. Error","t value","Pr(>|t|)"
"(Intercept)",0.0705822484518087,0.0866982588664005,0.814113793917983,0.417553563662172
"x",0.918478630882176,0.0864920428500108,10.6192269325277,5.50784793823002e-18
