"","Estimate","Std. Error","t value","Pr(>|t|)"
"(Intercept)",-0.0266898415667856,0.0933674571553991,-0.285858074964637,0.775590185739382
"x",4.85413224588548,0.0890590577968771,54.5046440639045,4.17872956589571e-75
