"","Estimate","Std. Error","t value","Pr(>|t|)"
"(Intercept)",0.0208729592705062,0.0972521840348982,0.214627151849012,0.830504002142152
"x",0.419773048662178,0.0973572470159479,4.31167747166696,3.86346625306926e-05
