"","Estimate","Std. Error","t value","Pr(>|t|)"
"(Intercept)",-0.0369522413175235,0.108530371166488,-0.340478346479052,0.73422509905098
"x",0.996675402344598,0.0116625903456918,85.459179547773,7.62294829179635e-94
