"","Estimate","Std. Error","t value","Pr(>|t|)"
"(Intercept)",0.130781392234183,0.100423863160419,1.30229397792903,0.19586827399364
"x",0.977307370774984,0.020136841093854,48.5333010386256,2.42444845542282e-70
