"","Estimate","Std. Error","t value","Pr(>|t|)"
"(Intercept)",-0.0560919097782199,0.0963513902965707,-0.582159838125515,0.561795944978167
"x",0.986112925441191,0.0105157960575913,93.7744437074093,9.49572939326901e-98
