"","Estimate","Std. Error","t value","Pr(>|t|)"
"(Intercept)",0.0992365474791695,0.0957533316981303,1.03637696693438,0.302576824162249
"x",1.00524326124872,0.00939074878427009,107.046124259286,2.49995827186697e-103
