"","Estimate","Std. Error","t value","Pr(>|t|)"
"(Intercept)",-0.0766594263205121,0.0979585472445098,-0.782570061284862,0.435766529596777
"x",0.381548305455846,0.0983597703342261,3.87910935699978,0.000189949441759266
