"","Estimate","Std. Error","t value","Pr(>|t|)"
"(Intercept)",0.110569400994509,0.10321106765101,1.0712940337792,0.286668477537272
"x",1.07044915765308,0.097150756260441,11.0184336062545,7.57176752990109e-19
