"","Estimate","Std. Error","t value","Pr(>|t|)"
"(Intercept)",-0.070320667108825,0.0980153155779893,-0.717445704216215,0.474805780032801
"x",5.1306303740369,0.0960768515510999,53.4013166668779,2.90646898608717e-74
