"","Estimate","Std. Error","t value","Pr(>|t|)"
"(Intercept)",0.0809529809325266,0.121538785601344,0.66606705449615,0.50693311960204
"x",5.30045941340267,0.123250596246532,43.0055478417356,2.00508421372664e-65
