"","Estimate","Std. Error","t value","Pr(>|t|)"
"(Intercept)",0.0283648334913682,0.100195200644897,0.283095730222612,0.777700586073258
"x",1.20243169566717,0.102015046997549,11.7868072510525,1.70576835342269e-20
