"","Estimate","Std. Error","t value","Pr(>|t|)"
"(Intercept)",0.0846400319875216,0.0851292973233431,0.994252679733005,0.322548475871926
"x",1.09170771351036,0.0799147551350371,13.6609029417112,2.02149587342491e-24
