"","Estimate","Std. Error","t value","Pr(>|t|)"
"(Intercept)",-0.18251475302317,0.0935161964368505,-1.9516913644624,0.0538294594077522
"x",0.44001947649933,0.0916604317907352,4.80053898833811,5.67805470845505e-06
