"","Estimate","Std. Error","t value","Pr(>|t|)"
"(Intercept)",-0.350639908361222,0.0987631612511988,-3.55031070207836,0.000593009769678975
"x",5.02342791057579,0.100066375884589,50.2009577759618,1.00413710559036e-71
