"","Estimate","Std. Error","t value","Pr(>|t|)"
"(Intercept)",0.125824183669641,0.105785907764662,1.18942292341582,0.237147103544611
"x",9.89547376892383,0.101533294202751,97.4603832823901,2.25887458480989e-99
