"","Estimate","Std. Error","t value","Pr(>|t|)"
"(Intercept)",0.245573815712454,0.0993170310097966,2.47262542200069,0.0151347443638837
"x",0.974855239922493,0.0197033063174109,49.476733712507,3.95390995100885e-71
