"","Estimate","Std. Error","t value","Pr(>|t|)"
"(Intercept)",-0.00284537709857009,0.105348924573389,-0.0270090758884579,0.978507418937343
"x",1.00966878582732,0.0110244033505708,91.584891600963,9.37218461667923e-97
