"","Estimate","Std. Error","t value","Pr(>|t|)"
"(Intercept)",0.106067761070125,0.101940993095406,1.04048192831373,0.300676243754676
"x",9.97059656076522,0.101537768813859,98.195939080004,1.08916327387178e-99
