"","Estimate","Std. Error","t value","Pr(>|t|)"
"(Intercept)",0.287421348895055,0.0958936538284037,2.99729270311651,0.00345120239334035
"x",0.467201006623144,0.104654653735396,4.46421625744799,2.15111875773214e-05
