"","Estimate","Std. Error","t value","Pr(>|t|)"
"(Intercept)",-0.0118505840639862,0.103176921611268,-0.11485692613155,0.908793529297126
"x",0.950177754957232,0.101622670320432,9.35005695049318,3.11703704417329e-15
