"","Estimate","Std. Error","t value","Pr(>|t|)"
"(Intercept)",-0.0218899900666334,0.0997451286039803,-0.219459239493726,0.826748782291177
"x",0.521384817471686,0.107435637390193,4.85299692110617,4.59067424838316e-06
