"","Estimate","Std. Error","t value","Pr(>|t|)"
"(Intercept)",-0.174379965906371,0.0995632243144776,-1.75144956490741,0.0829971007783808
"x",4.88665302944895,0.0963204713626648,50.7332757026258,3.7096495964852e-72
