"","Estimate","Std. Error","t value","Pr(>|t|)"
"(Intercept)",0.0416190793638778,0.0987278626550192,0.421553533568388,0.67427415290452
"x",4.96842702618573,0.0999759616484914,49.6962164130452,2.60489066602005e-71
