"","Estimate","Std. Error","t value","Pr(>|t|)"
"(Intercept)",0.0227487947815889,0.0857833160695912,0.265189034696841,0.791420852067367
"x",0.441127500975517,0.0725258138492913,6.08235161472549,2.29074900717226e-08
