"","Estimate","Std. Error","t value","Pr(>|t|)"
"(Intercept)",-0.0645913417670153,0.102238752074907,-0.631769661269841,0.529008406113936
"x",1.01054330471751,0.104571015663213,9.66370364013787,6.50033207150426e-16
