"","Estimate","Std. Error","t value","Pr(>|t|)"
"(Intercept)",-0.07165537172306,0.0878159895975076,-0.815971807087553,0.416495161032325
"x",0.888104957454029,0.0854594589940696,10.3921200521017,1.70831537148169e-17
