"","Estimate","Std. Error","t value","Pr(>|t|)"
"(Intercept)",-0.110941588518956,0.0997000597406107,-1.11275348086643,0.268536413007348
"x",1.0199835368441,0.078820419476833,12.9406002101257,6.26540394201621e-23
