"","Estimate","Std. Error","t value","Pr(>|t|)"
"(Intercept)",-0.14116052286954,0.0925656611610099,-1.5249772010379,0.130485587844794
"x",0.442680732448245,0.102113396131122,4.3351876366917,3.53282194400707e-05
