"","Estimate","Std. Error","t value","Pr(>|t|)"
"(Intercept)",0.024667158307481,0.110916178887665,0.222394591617366,0.824469552649867
"x",5.09843665928298,0.118172466503046,43.1440318557754,1.48626682465503e-65
