"","Estimate","Std. Error","t value","Pr(>|t|)"
"(Intercept)",-0.0112472000419745,0.0980823263580269,-0.114671016273811,0.908940505024738
"x",1.01412155472095,0.0202404222074195,50.1037747300153,1.20560125389387e-71
