"","Estimate","Std. Error","t value","Pr(>|t|)"
"(Intercept)",-0.103270339192059,0.0939610285405031,-1.09907629573832,0.274427543348467
"x",0.485306055211557,0.0776012568550719,6.2538427195569,1.04936947168052e-08
