"","Estimate","Std. Error","t value","Pr(>|t|)"
"(Intercept)",0.0887500717905268,0.110918739550707,0.800135956737538,0.425567385687828
"x",0.6754915146058,0.123598390166443,5.46521288583253,3.51879415338531e-07
