"","Estimate","Std. Error","t value","Pr(>|t|)"
"(Intercept)",-0.00546374165702579,0.107360102885105,-0.0508917326846548,0.959515379053898
"x",1.01381299004727,0.010004283433897,101.337891588738,5.1234210989562e-101
