"","Estimate","Std. Error","t value","Pr(>|t|)"
"(Intercept)",0.0277909084005552,0.101693621153678,0.273280743524295,0.785212502773444
"x",9.99315337234917,0.0991493486238253,100.788895853097,8.68128613879779e-101
