"","Estimate","Std. Error","t value","Pr(>|t|)"
"(Intercept)",-0.00995120619651888,0.0886847356615253,-0.112208782292578,0.910887382793052
"x",4.95430689752158,0.0826328219174245,59.95567841641,4.80018270739712e-79
