"","Estimate","Std. Error","t value","Pr(>|t|)"
"(Intercept)",-0.0906574558412904,0.107534214153085,-0.843056849908541,0.401249620434496
"x",9.83839391671106,0.103574715583992,94.9883749256621,2.72898994375095e-98
