"","Estimate","Std. Error","t value","Pr(>|t|)"
"(Intercept)",0.0336534292520487,0.0998134184880298,0.337163377047192,0.736714778837069
"x",0.981471073264543,0.0204740238470767,47.9373805850421,7.7516362352466e-70
