"","Estimate","Std. Error","t value","Pr(>|t|)"
"(Intercept)",-0.101878972828074,0.10175426019199,-1.00122562569714,0.319183531413063
"x",5.03048595247576,0.105098716100424,47.8643901574311,8.94575190709494e-70
