"","Estimate","Std. Error","t value","Pr(>|t|)"
"(Intercept)",-0.0132706665443242,0.100156078234386,-0.13249986199807,0.894860605824675
"x",0.985694152454603,0.0999330838843883,9.86354182359612,2.39370346626739e-16
