"","Estimate","Std. Error","t value","Pr(>|t|)"
"(Intercept)",0.172244246997237,0.113457325417979,1.51814126027284,0.132198286130491
"x",0.980683267621528,0.0116681629823068,84.0477861946736,3.81466750811645e-93
