"","Estimate","Std. Error","t value","Pr(>|t|)"
"(Intercept)",0.0548924221095402,0.0928233809424568,0.591364175191691,0.555638059085326
"x",0.496687829760451,0.0942037369394632,5.27248542252236,8.03061932923279e-07
