"","Estimate","Std. Error","t value","Pr(>|t|)"
"(Intercept)",-0.0753568911536007,0.0936210944694683,-0.804913588979416,0.422818054282663
"x",5.01432196214329,0.0884331271525467,56.7018505801973,9.77671223487816e-77
