"","Estimate","Std. Error","t value","Pr(>|t|)"
"(Intercept)",-0.0328153552569445,0.0941484150788213,-0.348549205310269,0.728175445475734
"x",5.08737550928512,0.0920209062121802,55.2849968414214,1.08363045050872e-75
