"","Estimate","Std. Error","t value","Pr(>|t|)"
"(Intercept)",0.11472879457522,0.0987494974736874,1.1618164903147,0.248131807644736
"x",1.07099913832394,0.0875464487552754,12.2334960875201,1.91898117062647e-21
