"","Estimate","Std. Error","t value","Pr(>|t|)"
"(Intercept)",0.0599455489393369,0.0963352577462154,0.622259703682497,0.53521624311282
"x",0.408308525065974,0.101859910006599,4.00853019641899,0.000119245314814771
