"","Estimate","Std. Error","t value","Pr(>|t|)"
"(Intercept)",-0.134310261172265,0.110981009441075,-1.21020940293012,0.229109480682015
"x",0.986890141462112,0.0227052428132619,43.4652978423855,7.44512902174813e-66
