"","Estimate","Std. Error","t value","Pr(>|t|)"
"(Intercept)",-0.183745360574947,0.102027031782963,-1.80094782102276,0.0747868356010125
"x",0.361548142887282,0.104192705459878,3.46999476874612,0.000775309794213367
