"","Estimate","Std. Error","t value","Pr(>|t|)"
"(Intercept)",-0.0700677355117139,0.0983841866555196,-0.712184934323314,0.478042361204592
"x",10.1757731297225,0.105124228306251,96.797601215946,4.37885922708811e-99
