"","Estimate","Std. Error","t value","Pr(>|t|)"
"(Intercept)",-0.014261151535193,0.106926127503257,-0.13337387099106,0.894171205007192
"x",0.442318634843083,0.112865046184819,3.91900459703685,0.000164722771966267
