"","Estimate","Std. Error","t value","Pr(>|t|)"
"(Intercept)",-0.115505313262738,0.100388580616671,-1.15058219324556,0.252703922383286
"x",0.981702917230194,0.0898730703547847,10.9232155233465,1.21461555235671e-18
