"","Estimate","Std. Error","t value","Pr(>|t|)"
"(Intercept)",0.0139716072155077,0.0945924006119996,0.147703273467142,0.88288041399504
"x",0.963344874358817,0.09479933604126,10.1619369352918,5.38931728455964e-17
