"","Estimate","Std. Error","t value","Pr(>|t|)"
"(Intercept)",0.00820715823442777,0.111920541762451,0.0733302225416962,0.941692805796819
"x",4.91747773722699,0.117238965779454,41.944055924867,2.04909261770839e-64
