"","Estimate","Std. Error","t value","Pr(>|t|)"
"(Intercept)",-0.107534953022061,0.0916907826294632,-1.17280003440069,0.243718862467187
"x",0.475826344160837,0.0957559813553656,4.96915531986425,2.85445654646227e-06
