"","Estimate","Std. Error","t value","Pr(>|t|)"
"(Intercept)",-0.0557576901228466,0.0961835903068292,-0.579700653146524,0.563446841546031
"x",1.0395989622474,0.0188017843379233,55.2925692350659,1.06962438761556e-75
