"","Estimate","Std. Error","t value","Pr(>|t|)"
"(Intercept)",-0.097252078170073,0.0910049274698085,-1.0686462906345,0.287854325161703
"x",0.976343101600921,0.0883969060721137,11.0449917874323,6.63727013064475e-19
