"","Estimate","Std. Error","t value","Pr(>|t|)"
"(Intercept)",0.0104094872806094,0.0889979909951474,0.116963171462792,0.907128606533118
"x",5.05495471581122,0.0960393016267855,52.6342302597647,1.14452840629383e-73
