"","Estimate","Std. Error","t value","Pr(>|t|)"
"(Intercept)",-0.0201388291127203,0.0937975213530889,-0.214705344258621,0.830443203964758
"x",0.995336165075658,0.00905162193340007,109.962189362208,1.83394441024323e-104
