"","Estimate","Std. Error","t value","Pr(>|t|)"
"(Intercept)",0.0872962369776642,0.101082390844237,0.863614683512813,0.389908344585733
"x",1.0190546255659,0.0225750402116731,45.1407667942475,2.1773461943491e-67
