"","Estimate","Std. Error","t value","Pr(>|t|)"
"(Intercept)",0.078066571219099,0.114843850951829,0.679762743691378,0.4982572647813
"x",0.974871872818381,0.0225506621122148,43.2302993130446,1.23390581587403e-65
