"","Estimate","Std. Error","t value","Pr(>|t|)"
"(Intercept)",0.174556578130699,0.106011406718946,1.64658298133405,0.102847042540208
"x",9.77601886220197,0.114869133835057,85.1057071279003,1.13816302538199e-93
