"","Estimate","Std. Error","t value","Pr(>|t|)"
"(Intercept)",0.133846248190442,0.100488104561097,1.33196111893087,0.185962406504412
"x",0.900712769882295,0.121100450015297,7.43773264070048,3.93501548398873e-11
