"","Estimate","Std. Error","t value","Pr(>|t|)"
"(Intercept)",0.103299218492722,0.100534242969781,1.02750282332928,0.306713191956692
"x",0.99009064640992,0.00994851967358915,99.5214040776705,2.96518269221172e-100
