"","Estimate","Std. Error","t value","Pr(>|t|)"
"(Intercept)",-0.024121112348699,0.0934505393546089,-0.25811635240722,0.796858394631874
"x",0.978574123418612,0.0181300642096195,53.975215537262,1.05491923429502e-74
