"","Estimate","Std. Error","t value","Pr(>|t|)"
"(Intercept)",0.116657968556374,0.10537928390012,1.10702942968321,0.270991098033745
"x",0.996180085632449,0.0189577796133687,52.5472975184266,1.33843227093097e-73
