"","Estimate","Std. Error","t value","Pr(>|t|)"
"(Intercept)",0.00939613417453093,0.0948030938336865,0.0991121048329352,0.921251715880319
"x",5.11436439001046,0.0965085836644608,52.9938809152146,6.00531312547583e-74
