"","Estimate","Std. Error","t value","Pr(>|t|)"
"(Intercept)",0.136194099286496,0.0973416295035447,1.39913518996039,0.164929585861063
"x",9.87720712360393,0.103688733005716,95.2582487728868,2.0726859691541e-98
