"","Estimate","Std. Error","t value","Pr(>|t|)"
"(Intercept)",-0.0474823706961542,0.101561050089571,-0.467525401266309,0.641161973590468
"x",0.988442106254659,0.00863006944315394,114.534664264929,3.4887856762423e-106
