"","Estimate","Std. Error","t value","Pr(>|t|)"
"(Intercept)",0.0701569751664407,0.102991432603328,0.681192341858672,0.497356296736436
"x",1.09540644309738,0.0983067881987237,11.1427345269693,4.08879980344525e-19
