"","Estimate","Std. Error","t value","Pr(>|t|)"
"(Intercept)",-0.108709874214665,0.101118478292779,-1.0750742698076,0.284981231229162
"x",0.965873217048271,0.0918815735270533,10.5121536339806,9.38959795290395e-18
