"","Estimate","Std. Error","t value","Pr(>|t|)"
"(Intercept)",-0.0955760288421168,0.113172894904643,-0.844513422782436,0.400439502292986
"x",1.16992938416658,0.107313350497377,10.9019928903923,1.34962227110524e-18
