"","Estimate","Std. Error","t value","Pr(>|t|)"
"(Intercept)",0.148825049471101,0.102240732938699,1.4556336324421,0.148689976305796
"x",1.02256097122406,0.0196940021287643,51.9224566209702,4.15187642751099e-73
