"","Estimate","Std. Error","t value","Pr(>|t|)"
"(Intercept)",0.0297795867280585,0.102464001853983,0.290634624738707,0.771944931300017
"x",0.861922201582758,0.10674739252656,8.07440988657689,1.75978054449039e-12
