"","Estimate","Std. Error","t value","Pr(>|t|)"
"(Intercept)",-0.098695698862914,0.0887179422695069,-1.11246605070141,0.268659302762995
"x",1.00178729200395,0.00918040687884528,109.122319437976,3.86445677564348e-104
