"","Estimate","Std. Error","t value","Pr(>|t|)"
"(Intercept)",-0.147650167676304,0.0848710629803998,-1.73969975738848,0.0850513002861401
"x",0.354972573474615,0.0894598985440378,3.96795188963773,0.000138129002220865
