"","Estimate","Std. Error","t value","Pr(>|t|)"
"(Intercept)",0.195530735717837,0.112252696391187,1.74188007953444,0.0846669945019711
"x",0.997933306369853,0.0240287272701571,41.5308432756342,5.13701429396612e-64
