"","Estimate","Std. Error","t value","Pr(>|t|)"
"(Intercept)",0.263601722242602,0.105852364650286,2.49027712430882,0.014446673218388
"x",5.0982148289756,0.11999022364756,42.4885851029852,6.17889014494379e-65
