"","Estimate","Std. Error","t value","Pr(>|t|)"
"(Intercept)",-0.150161466072856,0.0910925131663557,-1.64845013989928,0.102462724675525
"x",9.93495779385119,0.0935670364728103,106.180105391477,5.50466474477214e-103
