"","Estimate","Std. Error","t value","Pr(>|t|)"
"(Intercept)",-0.0053193291809734,0.0979514022791012,-0.0543057991739269,0.956802083762599
"x",0.99516028723733,0.0100995537200393,98.5350753927625,7.79492085767341e-100
