"","Estimate","Std. Error","t value","Pr(>|t|)"
"(Intercept)",0.039835981505219,0.0991237583129775,0.401881266239313,0.688646523315933
"x",0.977956673581775,0.100694975207808,9.71207025537801,5.10416045631699e-16
