"","Estimate","Std. Error","t value","Pr(>|t|)"
"(Intercept)",0.00571242731017696,0.114328356202079,0.0499650961488512,0.960251897710408
"x",0.97975570737512,0.0211818660283283,46.254456810595,2.22164362391297e-68
