"","Estimate","Std. Error","t value","Pr(>|t|)"
"(Intercept)",0.116852933056814,0.112198547705684,1.04148347234707,0.300213761320354
"x",1.01424754723952,0.112614576431765,9.00636116012979,1.73300999032755e-14
