"","Estimate","Std. Error","t value","Pr(>|t|)"
"(Intercept)",-0.258715409807157,0.109234427139881,-2.3684420432384,0.0198252396533646
"x",1.03084934458527,0.010461662150579,98.5359046916087,7.78855786962326e-100
