"","Estimate","Std. Error","t value","Pr(>|t|)"
"(Intercept)",-0.114348352997675,0.0944736621015802,-1.21037282194824,0.229047080111155
"x",0.996714560386063,0.00954212422741196,104.454158909687,2.70513672831719e-102
