"","Estimate","Std. Error","t value","Pr(>|t|)"
"(Intercept)",-0.0979059885687332,0.11293544913639,-0.866919902629457,0.388103573137076
"x",0.981861142243678,0.0110838570937689,88.5847890258036,2.35845244856521e-95
