"","Estimate","Std. Error","t value","Pr(>|t|)"
"(Intercept)",0.0673114967268327,0.104900054826343,0.641672655350503,0.522583773421912
"x",1.03572081802471,0.0210854735160774,49.1201118739396,7.81800653789651e-71
