"","Estimate","Std. Error","t value","Pr(>|t|)"
"(Intercept)",-0.0705090523993938,0.103151543461545,-0.683548205225644,0.495873497712075
"x",4.94940052861036,0.10921786727785,45.3167659465377,1.51288409517693e-67
