"","Estimate","Std. Error","t value","Pr(>|t|)"
"(Intercept)",-3.92948671889215e-05,0.0982065944395057,-0.000400124527412736,0.999681560195132
"x",0.521041037942264,0.0864378859672803,6.02792435413675,2.92948626971309e-08
