"","Estimate","Std. Error","t value","Pr(>|t|)"
"(Intercept)",0.122027760019814,0.100836022095286,1.21016039193319,0.229128197631495
"x",10.0638781173771,0.0989434050274833,101.713480697189,3.57747184568256e-101
