"","Estimate","Std. Error","t value","Pr(>|t|)"
"(Intercept)",0.0801664474866705,0.104639728213464,0.766118651638046,0.445447125075261
"x",1.00021659234559,0.0104944317811469,95.309266209388,1.96782385055302e-98
