"","Estimate","Std. Error","t value","Pr(>|t|)"
"(Intercept)",0.102962893941851,0.0910548380296467,1.13077894782842,0.260907897956061
"x",0.993802078314535,0.00898333666587122,110.627277511496,1.02039831893125e-104
