"","Estimate","Std. Error","t value","Pr(>|t|)"
"(Intercept)",-0.216686511148175,0.0910567255416011,-2.37968705616564,0.019263315029476
"x",1.00908916167982,0.00922994172664417,109.327793345311,3.21861376711532e-104
