"","Estimate","Std. Error","t value","Pr(>|t|)"
"(Intercept)",0.0777290677496954,0.090560557168752,0.858310396708953,0.392815489390048
"x",0.857307426401219,0.0895540392364402,9.57307379668001,1.02258349723243e-15
