"","Estimate","Std. Error","t value","Pr(>|t|)"
"(Intercept)",0.0523778641982931,0.105567714084679,0.496154194986921,0.620896597640459
"x",10.0471501281556,0.11711631154607,85.7877950178048,5.25909536277784e-94
