"","Estimate","Std. Error","t value","Pr(>|t|)"
"(Intercept)",0.0377095960156555,0.106151436872346,0.35524338743529,0.723170697644519
"x",1.02520473970421,0.0225459414858152,45.4718087665233,1.09893932936405e-67
