"","Estimate","Std. Error","t value","Pr(>|t|)"
"(Intercept)",-0.194557635709566,0.104239171458707,-1.86645416484951,0.0649678617834069
"x",9.90174225295823,0.110096935389761,89.9365837741487,5.44267886055609e-96
