"","Estimate","Std. Error","t value","Pr(>|t|)"
"(Intercept)",-0.0129310443878398,0.112907216943225,-0.11452805886042,0.909053525766793
"x",0.501302674424685,0.100263057138955,4.99987421817716,2.51488399691311e-06
