"","Estimate","Std. Error","t value","Pr(>|t|)"
"(Intercept)",-0.0571614581939075,0.0934876510823015,-0.611433248478835,0.542328562472955
"x",5.05305634927759,0.0906063604148101,55.7693336995759,4.73111057290548e-76
