"","Estimate","Std. Error","t value","Pr(>|t|)"
"(Intercept)",0.15170675976985,0.103169998702744,1.47045421806151,0.144642256092394
"x",4.95466572775046,0.0985380075355511,50.2817730099007,8.62710747200792e-72
