"","Estimate","Std. Error","t value","Pr(>|t|)"
"(Intercept)",0.0244894161693234,0.0969324034717012,0.252644268502771,0.801072278113031
"x",5.06653229912446,0.103988017852181,48.7222701593038,1.68165102923436e-70
