"","Estimate","Std. Error","t value","Pr(>|t|)"
"(Intercept)",0.024014644694731,0.0901278254426482,0.266450949823619,0.790451754193329
"x",9.97102990513897,0.0937169013781293,106.395215361505,4.52196881273998e-103
