"","Estimate","Std. Error","t value","Pr(>|t|)"
"(Intercept)",-0.0189482355471961,0.101221028792876,-0.187196630711677,0.85189347953159
"x",0.999372957154242,0.0110065165038704,90.7982972453468,2.16136616141208e-96
