"","Estimate","Std. Error","t value","Pr(>|t|)"
"(Intercept)",0.0403328708599624,0.0860609513028769,0.468654717957017,0.640357267468651
"x",0.994560141742064,0.0160594349268082,61.9299586987231,2.17500981298526e-80
