"","Estimate","Std. Error","t value","Pr(>|t|)"
"(Intercept)",0.179502839661813,0.0960548201698386,1.86875410671142,0.06464372801918
"x",1.15977920199066,0.0996989675088097,11.6328105593287,3.63617218574279e-20
