"","Estimate","Std. Error","t value","Pr(>|t|)"
"(Intercept)",-0.0490856727830469,0.102547309704964,-0.47866368141953,0.633244127227367
"x",5.08203892480297,0.0974713965544983,52.1387720341269,2.80168195146052e-73
