"","Estimate","Std. Error","t value","Pr(>|t|)"
"(Intercept)",-0.102007838639165,0.0945171170830962,-1.07925253951074,0.28312427830118
"x",9.98011621667725,0.0999001365112366,99.9009267174996,2.04937131100998e-100
