"","Estimate","Std. Error","t value","Pr(>|t|)"
"(Intercept)",-0.198410968181229,0.0973091797618798,-2.03897482916565,0.0441451155328079
"x",0.96543713854371,0.0097409271182374,99.1114220263671,4.42622480999299e-100
