"","Estimate","Std. Error","t value","Pr(>|t|)"
"(Intercept)",-0.0923012316149246,0.102407019870068,-0.901317426598633,0.369629328215476
"x",1.07301778999098,0.109212694196929,9.82502810576355,2.90189340809905e-16
