"","Estimate","Std. Error","t value","Pr(>|t|)"
"(Intercept)",-0.0832180769937823,0.107553305360112,-0.773737977788317,0.440948250149945
"x",10.0576331136072,0.110805479086085,90.7683735187266,2.23148474752167e-96
