"","Estimate","Std. Error","t value","Pr(>|t|)"
"(Intercept)",-0.0880411370911411,0.0974823740820544,-0.903149291553299,0.368661281814936
"x",0.453005069632416,0.0940041402516162,4.81899061488015,5.269727210533e-06
