"","Estimate","Std. Error","t value","Pr(>|t|)"
"(Intercept)",0.0746434395263642,0.0926583067050649,0.805577418589758,0.422436885031385
"x",0.432459116466507,0.100213428453646,4.31538091391158,3.80947184440789e-05
