"","Estimate","Std. Error","t value","Pr(>|t|)"
"(Intercept)",-0.196256051895024,0.0944000809750532,-2.07898181726017,0.040230902442674
"x",1.00243001636812,0.0087535735437185,114.516661265439,3.54254661902681e-106
