"","Estimate","Std. Error","t value","Pr(>|t|)"
"(Intercept)",0.0992282176408768,0.109817091783296,0.903577175734039,0.368435397991809
"x",4.82988332758667,0.113729470849898,42.4681772586564,6.46122915719246e-65
