"","Estimate","Std. Error","t value","Pr(>|t|)"
"(Intercept)",0.14874037153033,0.108646235038114,1.36903383240248,0.174118337109424
"x",10.1239320560849,0.106023484006483,95.4876379601507,1.64152356731755e-98
