"","Estimate","Std. Error","t value","Pr(>|t|)"
"(Intercept)",-0.063514046522223,0.0908866743727683,-0.698826829791599,0.486315424337513
"x",0.999304939090989,0.00970814413106955,102.934703646689,1.12273221295688e-101
