"","Estimate","Std. Error","t value","Pr(>|t|)"
"(Intercept)",-0.127884990399581,0.101015153759128,-1.2659980769274,0.20851502458102
"x",0.940240803314528,0.100499667868187,9.3556608022598,3.03098026487878e-15
