"","Estimate","Std. Error","t value","Pr(>|t|)"
"(Intercept)",-0.20334742114977,0.115704648785443,-1.75746975842645,0.0819605187822917
"x",1.01751472402011,0.0223895608842631,45.4459437270738,1.15905594859447e-67
