"","Estimate","Std. Error","t value","Pr(>|t|)"
"(Intercept)",-0.0403621382188303,0.104934832998201,-0.384640038637334,0.701337562745576
"x",1.00125931837548,0.0204840517329815,48.8799448188928,1.2405200793573e-70
