"","Estimate","Std. Error","t value","Pr(>|t|)"
"(Intercept)",0.0277017428832064,0.101197390815558,0.273739694867187,0.784860784434286
"x",1.01147949892871,0.0101967337548936,99.1964214465526,4.07290970927609e-100
