"","Estimate","Std. Error","t value","Pr(>|t|)"
"(Intercept)",0.149590341922515,0.10265832185073,1.45716722449473,0.148267098841553
"x",1.01752802240024,0.0197146780558721,51.6127131022139,7.31151425252405e-73
