"","Estimate","Std. Error","t value","Pr(>|t|)"
"(Intercept)",-0.0889411497825695,0.100922279330028,-0.88128360133169,0.380320654846446
"x",0.994376811212088,0.0207815747278962,47.848963528124,9.22102133426561e-70
