"","Estimate","Std. Error","t value","Pr(>|t|)"
"(Intercept)",0.0505225354400031,0.0972735706176005,0.519386048226975,0.604662632787023
"x",0.821734634929406,0.0958785192014642,8.57058120810921,1.51497209477809e-13
