"","Estimate","Std. Error","t value","Pr(>|t|)"
"(Intercept)",-0.0016052482356785,0.111325703864249,-0.0144193854604859,0.988524708269139
"x",0.963101616745521,0.122185196769053,7.882310150598,4.51862171327892e-12
