"","Estimate","Std. Error","t value","Pr(>|t|)"
"(Intercept)",-0.00260798485181786,0.0814788916128259,-0.032008104187408,0.97453068702478
"x",1.00636308829007,0.00813564273299901,123.698043451215,1.94642348994448e-109
