"","Estimate","Std. Error","t value","Pr(>|t|)"
"(Intercept)",0.0726350542114284,0.116160285835998,0.62530023655399,0.533227419282749
"x",5.00329480697067,0.108403111325689,46.154531413205,2.72094839408262e-68
