"","Estimate","Std. Error","t value","Pr(>|t|)"
"(Intercept)",-0.0792470353082886,0.104005929628559,-0.761947281191628,0.447921345097264
"x",4.92677262411638,0.111896812349785,44.0296065692693,2.23532013124333e-66
