"","Estimate","Std. Error","t value","Pr(>|t|)"
"(Intercept)",-0.0304710910615389,0.109847062001911,-0.277395594440284,0.782060676427365
"x",5.1162200904669,0.109877453508532,46.5629656230576,1.19106212389602e-68
