"","Estimate","Std. Error","t value","Pr(>|t|)"
"(Intercept)",-0.0135424294046153,0.110404295947734,-0.122662159912929,0.902625827486184
"x",0.277192613239945,0.113295694985947,2.44662970887225,0.0162014538438108
