"","Estimate","Std. Error","t value","Pr(>|t|)"
"(Intercept)",0.0266385191659837,0.107022687513486,0.248905346939891,0.803954898298874
"x",5.02593758005432,0.0991621438736089,50.6840350936778,4.06592587898463e-72
