"","Estimate","Std. Error","t value","Pr(>|t|)"
"(Intercept)",0.0043814056737661,0.0880703709514493,0.0497489181257275,0.960423727500044
"x",0.992511017667457,0.0079074100192705,125.516574358569,4.69836031345364e-110
