"","Estimate","Std. Error","t value","Pr(>|t|)"
"(Intercept)",0.0828080731057208,0.106414893223124,0.778162441342623,0.438347979508039
"x",1.0131587766638,0.0216508160080199,46.7954083711443,7.46499377884997e-69
