"","Estimate","Std. Error","t value","Pr(>|t|)"
"(Intercept)",0.199221897859577,0.112589434702099,1.7694546418738,0.0799286465504635
"x",0.462189580373294,0.101112089527758,4.57106150740173,1.41736033050379e-05
