"","Estimate","Std. Error","t value","Pr(>|t|)"
"(Intercept)",-0.108503621063074,0.0884624554553533,-1.22654995844916,0.222930599676123
"x",0.942374602443831,0.100711787576636,9.35714304273204,3.00861766694563e-15
