"","Estimate","Std. Error","t value","Pr(>|t|)"
"(Intercept)",-0.00533156124813994,0.0833198104274054,-0.0639891188036872,0.949109232503367
"x",0.99044010314796,0.00887242174288052,111.631314634329,4.23870456014248e-105
