"","Estimate","Std. Error","t value","Pr(>|t|)"
"(Intercept)",0.0179425051332256,0.100099891785014,0.179245999303986,0.858114618811097
"x",0.991961333446221,0.020815907972745,47.654002638032,1.35350127858369e-69
