"","Estimate","Std. Error","t value","Pr(>|t|)"
"(Intercept)",-0.132987854805882,0.101151871866244,-1.3147344913373,0.191667585680028
"x",9.88682834326904,0.106475747965821,92.8552138130342,2.46701921045439e-97
