"","Estimate","Std. Error","t value","Pr(>|t|)"
"(Intercept)",0.0130935133321465,0.103611332559424,0.126371440350282,0.899696818003225
"x",1.00062173018467,0.0201459758423583,49.6685659714133,2.7452443458532e-71
