"","Estimate","Std. Error","t value","Pr(>|t|)"
"(Intercept)",-0.0493897493548239,0.112895807519428,-0.437480810315516,0.662725300848136
"x",1.1778856175878,0.119358105772995,9.86850126314835,2.33509218044227e-16
