"","Estimate","Std. Error","t value","Pr(>|t|)"
"(Intercept)",-0.0657917641288103,0.0999831849516145,-0.658028289063299,0.512062759661131
"x",0.985242995708411,0.0198691684223691,49.586523943257,3.20830099248055e-71
