"","Estimate","Std. Error","t value","Pr(>|t|)"
"(Intercept)",-0.0217487761413347,0.100190562347202,-0.217074099913384,0.828601878200629
"x",1.01196670526289,0.0100788577010276,100.404900563256,1.25748727460564e-100
