"","Estimate","Std. Error","t value","Pr(>|t|)"
"(Intercept)",-0.14795176950088,0.0864309588541051,-1.71179137038872,0.0900981231358758
"x",9.83138718562117,0.0871990651711327,112.74647459037,1.61216639768773e-105
