"","Estimate","Std. Error","t value","Pr(>|t|)"
"(Intercept)",0.0169319786892286,0.0980618703337298,0.172666283353609,0.863269848686767
"x",10.0303133421542,0.108595190839691,92.3642498769678,4.12365972471431e-97
