"","Estimate","Std. Error","t value","Pr(>|t|)"
"(Intercept)",-0.0131046873526148,0.105933133427315,-0.123707162514989,0.90180050993515
"x",4.94548097450773,0.111074231742534,44.5241069591294,7.87779541869729e-67
