"","Estimate","Std. Error","t value","Pr(>|t|)"
"(Intercept)",0.0822267927386539,0.0832060698698939,0.988230700803784,0.325473351450737
"x",0.402103593752065,0.084895409226352,4.73645863087788,7.34901005621003e-06
