"","Estimate","Std. Error","t value","Pr(>|t|)"
"(Intercept)",0.0895353030933855,0.105082263624933,0.852049622883664,0.396263973847242
"x",0.926932328105237,0.101316293188872,9.14889697333541,8.51135628692695e-15
