"","Estimate","Std. Error","t value","Pr(>|t|)"
"(Intercept)",0.0909310020246133,0.109723766029895,0.828726585996312,0.40927299180661
"x",1.01958246035434,0.0230052254754279,44.3196030155566,1.21105451068526e-66
