"","Estimate","Std. Error","t value","Pr(>|t|)"
"(Intercept)",0.00595108485605845,0.101704992932283,0.0585132025919394,0.953458994207236
"x",0.932756921372538,0.0995587955495165,9.36890524060853,2.83690778902773e-15
