"","Estimate","Std. Error","t value","Pr(>|t|)"
"(Intercept)",-0.00503111753497283,0.100993160081945,-0.0498164185662735,0.960370074359241
"x",0.985290701269036,0.0112562030210927,87.533131680614,7.49276294494381e-95
