"","Estimate","Std. Error","t value","Pr(>|t|)"
"(Intercept)",-0.0445723749990067,0.0940619102306145,-0.473862107304936,0.636652253532088
"x",1.02931537431,0.0832894548344037,12.3582916511639,1.04546434339823e-21
