"","Estimate","Std. Error","t value","Pr(>|t|)"
"(Intercept)",0.0348666474720276,0.107094830782257,0.325567977626461,0.745445345661582
"x",1.00439004503017,0.105997385952819,9.47561145967544,1.66443906283843e-15
