"","Estimate","Std. Error","t value","Pr(>|t|)"
"(Intercept)",0.00894403692658304,0.0870614343135828,0.102732478474544,0.918385220938529
"x",0.984147694682896,0.0864098584321709,11.3892987737669,1.20775415280926e-19
