"","Estimate","Std. Error","t value","Pr(>|t|)"
"(Intercept)",-0.00560964050378092,0.10809999407236,-0.0518930694855169,0.958719525835874
"x",0.974044957531693,0.0219322939365067,44.4114491786186,9.98138186854492e-67
