"","Estimate","Std. Error","t value","Pr(>|t|)"
"(Intercept)",0.133856425307153,0.100862904845917,1.32711253469884,0.18755513604209
"x",1.00426644109726,0.0192171194047003,52.2589478656009,2.25320220562094e-73
