"","Estimate","Std. Error","t value","Pr(>|t|)"
"(Intercept)",-0.0239666561447398,0.103682557647587,-0.23115417567342,0.817676950113699
"x",0.946893682366091,0.10637216674219,8.90170531790559,2.91957062882706e-14
