"","Estimate","Std. Error","t value","Pr(>|t|)"
"(Intercept)",-0.0166167387919432,0.101409271053769,-0.163858181991395,0.87018025153278
"x",0.315387364386864,0.10023253823673,3.14655669640911,0.00218840233291607
