"","Estimate","Std. Error","t value","Pr(>|t|)"
"(Intercept)",0.19771150950102,0.110472266239558,1.78969361479636,0.0765918665915166
"x",4.99552429159962,0.101779765473314,49.0817036998325,8.41590741742677e-71
