"","Estimate","Std. Error","t value","Pr(>|t|)"
"(Intercept)",0.156007931054495,0.107766976582659,1.44764134618581,0.150908944892726
"x",1.15602720354638,0.103366012133142,11.1838231899412,3.33598392742277e-19
