"","Estimate","Std. Error","t value","Pr(>|t|)"
"(Intercept)",-0.0559409149460071,0.0901505686741791,-0.620527588108601,0.536350921522941
"x",0.985784497820243,0.00881096800575662,111.881520529434,3.40941727398662e-105
