"","Estimate","Std. Error","t value","Pr(>|t|)"
"(Intercept)",-0.00152717334741226,0.113719366666744,-0.0134293163264588,0.989312579347319
"x",9.97937994946813,0.11413563985023,87.4343891405274,8.35755002811142e-95
