"","Estimate","Std. Error","t value","Pr(>|t|)"
"(Intercept)",-0.101449263157125,0.104478180861699,-0.971009088408764,0.33393426118688
"x",5.03911378938737,0.106158461611062,47.4678486567506,1.95521392054609e-69
