"","Estimate","Std. Error","t value","Pr(>|t|)"
"(Intercept)",0.149015845994404,0.102111222306401,1.45934837159483,0.147667269999153
"x",1.07229923141322,0.106155470721643,10.1012149833047,7.29882768793884e-17
