"","Estimate","Std. Error","t value","Pr(>|t|)"
"(Intercept)",-0.152556656061477,0.10171684446622,-1.49981703484855,0.136876569015551
"x",0.9509138835168,0.108288763325634,8.78127937113211,5.31736000927737e-14
