"","Estimate","Std. Error","t value","Pr(>|t|)"
"(Intercept)",-0.132691793092357,0.115448828504329,-1.14935590782008,0.253206579245045
"x",4.92579545541733,0.117786333078981,41.8197538428705,2.69936587475423e-64
