"","Estimate","Std. Error","t value","Pr(>|t|)"
"(Intercept)",-0.0268945977642399,0.0993832835209544,-0.270614904352294,0.787256352689972
"x",1.00276671395591,0.0203014482801186,49.3938511243025,4.63084383006353e-71
