"","Estimate","Std. Error","t value","Pr(>|t|)"
"(Intercept)",0.0260760736942868,0.107407348207567,0.24277737165519,0.808685264661527
"x",0.474785004240238,0.0955391061023107,4.96953575985735,2.84998986162089e-06
