"","Estimate","Std. Error","t value","Pr(>|t|)"
"(Intercept)",0.00683856870866877,0.0931207420237679,0.0734376526652173,0.941607539582851
"x",9.82358875733736,0.0946947213579305,103.73956030987,5.26947537106314e-102
