"","Estimate","Std. Error","t value","Pr(>|t|)"
"(Intercept)",0.145179309097379,0.10141435413052,1.43154596153651,0.155455310118091
"x",0.464604611675155,0.113448007313334,4.09530870288409,8.68080403763981e-05
