"","Estimate","Std. Error","t value","Pr(>|t|)"
"(Intercept)",-0.0875069110387026,0.103045759540525,-0.849204386758764,0.397837267727375
"x",0.976340350225855,0.0991293586494246,9.84915431238414,2.57219738895271e-16
