"","Estimate","Std. Error","t value","Pr(>|t|)"
"(Intercept)",0.061699722441972,0.106715511005212,0.578170144722061,0.564475497755143
"x",1.13977396960203,0.111176692958187,10.2519146709166,3.43888380785045e-17
