"","Estimate","Std. Error","t value","Pr(>|t|)"
"(Intercept)",-0.120030021249073,0.0957144386325259,-1.25404299459877,0.212809451554516
"x",0.500647076862272,0.0892955409503177,5.6066302027424,1.90354917984269e-07
