"","Estimate","Std. Error","t value","Pr(>|t|)"
"(Intercept)",-0.0475266513866141,0.0950478162087904,-0.500028862127804,0.618175699735461
"x",0.955064126760995,0.0851278934213453,11.2191678705574,2.80053751348617e-19
