"","Estimate","Std. Error","t value","Pr(>|t|)"
"(Intercept)",-0.23639331308043,0.101488010338142,-2.32927330324839,0.0218976386486788
"x",1.01296332667905,0.0222128437716961,45.6025953763642,8.39839917816413e-68
