"","Estimate","Std. Error","t value","Pr(>|t|)"
"(Intercept)",0.0407759586973163,0.0961205347840322,0.424216935423149,0.672337394647009
"x",5.10714093865514,0.0902584316634132,56.5835329124753,1.19257880988504e-76
