"","Estimate","Std. Error","t value","Pr(>|t|)"
"(Intercept)",-0.0882074545423704,0.0999841244471666,-0.882214601868927,0.379819577929651
"x",0.554424331748776,0.0978604491251868,5.66545868841799,1.47109099417375e-07
