"","Estimate","Std. Error","t value","Pr(>|t|)"
"(Intercept)",-0.0682669033361182,0.100651106745808,-0.678252883085775,0.499209772500248
"x",1.18321487175374,0.104568819590559,11.3151786200383,1.74185352291061e-19
