"","Estimate","Std. Error","t value","Pr(>|t|)"
"(Intercept)",0.169750465317647,0.0854571054921536,1.98638210760875,0.0497836529604316
"x",1.10105194162217,0.0872687254836101,12.616798693009,2.98478901036501e-22
