"","Estimate","Std. Error","t value","Pr(>|t|)"
"(Intercept)",0.00808754982104804,0.101236229342714,0.0798879005426937,0.936489323259121
"x",0.512878359556602,0.120390895275506,4.26010919167032,4.69636556277729e-05
