"","Estimate","Std. Error","t value","Pr(>|t|)"
"(Intercept)",0.127363471814933,0.10199791187221,1.24868705130457,0.214754275155856
"x",0.959603399599732,0.0969355237941837,9.89939871411011,2.00092868486454e-16
