"","Estimate","Std. Error","t value","Pr(>|t|)"
"(Intercept)",-0.108633138314846,0.0933712597651649,-1.16345370714785,0.247470433426457
"x",0.606439976911987,0.097786578013393,6.20166887145727,1.3318998983973e-08
