"","Estimate","Std. Error","t value","Pr(>|t|)"
"(Intercept)",-0.189157721217388,0.0986816973985915,-1.91684705678855,0.0581703289131212
"x",1.00145283676768,0.0104967898677323,95.4056287099932,1.78414759117437e-98
