"","Estimate","Std. Error","t value","Pr(>|t|)"
"(Intercept)",0.122911823809631,0.0944108609045337,1.30188224778415,0.19600846170237
"x",5.06984434428924,0.0993912468018975,51.0089621311849,2.22337951851537e-72
