"","Estimate","Std. Error","t value","Pr(>|t|)"
"(Intercept)",0.0464838917229288,0.102942898520067,0.451550251558807,0.652590739238682
"x",1.01542624833608,0.0991593250598701,10.2403505441671,3.64325421771536e-17
