"","Estimate","Std. Error","t value","Pr(>|t|)"
"(Intercept)",-0.10086650468346,0.10711593360162,-0.941657336046736,0.348683581328117
"x",1.00921144595075,0.0994898755389588,10.1438607746128,5.89849883393246e-17
