"","Estimate","Std. Error","t value","Pr(>|t|)"
"(Intercept)",-0.0354039173305569,0.103812844270417,-0.341036001656355,0.733806554626462
"x",1.11946647316792,0.10771542920586,10.3928144874069,1.70240825909922e-17
