"","Estimate","Std. Error","t value","Pr(>|t|)"
"(Intercept)",-0.0417235939378503,0.102990776714804,-0.40511971332529,0.686272508677789
"x",1.04979435082571,0.102510159568634,10.2408810526028,3.63361791684088e-17
