"","Estimate","Std. Error","t value","Pr(>|t|)"
"(Intercept)",0.207605668799706,0.0908976269435692,2.28395037120816,0.0245325592012997
"x",1.0368548351176,0.095207544319044,10.8904692641064,1.42912696921254e-18
