"","Estimate","Std. Error","t value","Pr(>|t|)"
"(Intercept)",-0.0207805396323815,0.094965014549789,-0.2188231079719,0.827242919135675
"x",0.536625817465491,0.100790311248177,5.32418057668414,6.44532852043183e-07
