"","Estimate","Std. Error","t value","Pr(>|t|)"
"(Intercept)",-0.0734226947581037,0.100572124492232,-0.730050151856687,0.467101077430974
"x",4.85934434481922,0.110011439873559,44.1712639195003,1.6562294649912e-66
