"","Estimate","Std. Error","t value","Pr(>|t|)"
"(Intercept)",-0.0025664947404647,0.0904517284305894,-0.0283741923454141,0.977421409392875
"x",0.346253366367853,0.0942412616994618,3.67411641274567,0.00038923637000524
