"","Estimate","Std. Error","t value","Pr(>|t|)"
"(Intercept)",-0.0952237206654375,0.108863486921051,-0.874707611878121,0.383871673785978
"x",4.8534036423417,0.108493304384874,44.7345914096644,5.06984484979613e-67
