"","Estimate","Std. Error","t value","Pr(>|t|)"
"(Intercept)",-0.0707689455327659,0.0919423881043714,-0.769709673545027,0.443323483973534
"x",0.988391538910725,0.00934051821529424,105.817634110742,7.67406145934777e-103
