"","Estimate","Std. Error","t value","Pr(>|t|)"
"(Intercept)",-0.0269931622530382,0.0859827366943301,-0.313936998179056,0.754236176378746
"x",0.855895257121438,0.0926820880830778,9.2347429241585,5.54470308301362e-15
