"","Estimate","Std. Error","t value","Pr(>|t|)"
"(Intercept)",-0.123047312993496,0.0983200938250823,-1.25149710711632,0.213732285511126
"x",4.97100545744175,0.0861622623881115,57.6935344971587,1.87720297823663e-77
