"","Estimate","Std. Error","t value","Pr(>|t|)"
"(Intercept)",0.063379856735861,0.101234515203512,0.626069642438141,0.53272475022232
"x",0.974986512559717,0.0197832415509576,49.2834559012158,5.717965209414e-71
