"","Estimate","Std. Error","t value","Pr(>|t|)"
"(Intercept)",-0.150143591432577,0.0993180435595987,-1.51174535916507,0.133816700507576
"x",1.00297658629281,0.0111021478435303,90.3407701310053,3.52548684365919e-96
