"","Estimate","Std. Error","t value","Pr(>|t|)"
"(Intercept)",0.121578313173037,0.097574275585078,1.24600784831888,0.215732001334709
"x",1.11129556640197,0.10192862032225,10.9026842793376,1.34499564046386e-18
