"","Estimate","Std. Error","t value","Pr(>|t|)"
"(Intercept)",0.0757864972993782,0.103903532247336,0.729392886461004,0.467501095646273
"x",0.994031240952411,0.0107125777897816,92.7910406308172,2.63796689556323e-97
