"","Estimate","Std. Error","t value","Pr(>|t|)"
"(Intercept)",-0.0919016257032072,0.099500103759655,-0.92363346600319,0.35794576530897
"x",0.564817740070425,0.0998127697599545,5.65877233372832,1.51491231774495e-07
