"","Estimate","Std. Error","t value","Pr(>|t|)"
"(Intercept)",0.166979160628758,0.114090810512183,1.46356362864937,0.146513386550856
"x",1.01806904270698,0.012445335270135,81.8032636814561,5.21770883707281e-92
