"","Estimate","Std. Error","t value","Pr(>|t|)"
"(Intercept)",0.0695482742666535,0.102762943519457,0.676783594209572,0.500137627315178
"x",0.975986998731291,0.0101618972068071,96.0437779352372,9.34695118184581e-99
