"","Estimate","Std. Error","t value","Pr(>|t|)"
"(Intercept)",-0.0277421724699817,0.102176295866291,-0.271512802796115,0.786567783481332
"x",4.99521945346252,0.105475247745748,47.3591630285022,2.42505486297231e-69
