"","Estimate","Std. Error","t value","Pr(>|t|)"
"(Intercept)",-0.0370053323712528,0.103698169923872,-0.356856175942348,0.721966719598622
"x",0.382341406426589,0.109138378898518,3.50327181222022,0.000694152567563968
