"","Estimate","Std. Error","t value","Pr(>|t|)"
"(Intercept)",0.0197524546019928,0.0808641105919463,0.244267258458662,0.807534516088859
"x",1.01022238766239,0.00835633386804915,120.893014043517,1.81628350311394e-108
