"","Estimate","Std. Error","t value","Pr(>|t|)"
"(Intercept)",-0.0717965080730382,0.0785851832018766,-0.913613802853916,0.363162079795172
"x",1.08339744596349,0.0740523223045935,14.6301616512071,2.18158918328655e-26
