"","Estimate","Std. Error","t value","Pr(>|t|)"
"(Intercept)",-0.152609595479521,0.0922636706268897,-1.65405944119292,0.101315134085766
"x",4.96545488265218,0.097073064917069,51.151726659648,1.70735246212006e-72
