"","Estimate","Std. Error","t value","Pr(>|t|)"
"(Intercept)",-0.0245876510436851,0.0977835492961298,-0.251449770648264,0.801992910867909
"x",1.00079897617853,0.0110389694951866,90.6605436870644,2.50377577408877e-96
