"","Estimate","Std. Error","t value","Pr(>|t|)"
"(Intercept)",-0.14975795832068,0.107597870815721,-1.39183012809951,0.167124737427753
"x",10.0543188043278,0.104220429428842,96.4716693207694,6.07345176948679e-99
