"","Estimate","Std. Error","t value","Pr(>|t|)"
"(Intercept)",0.147029037995253,0.0981291852141701,1.49832119439653,0.137264121086921
"x",10.3353552625751,0.102535260134668,100.798059604089,8.60500650613508e-101
