"","Estimate","Std. Error","t value","Pr(>|t|)"
"(Intercept)",-0.107885483820335,0.0984897653421696,-1.09539791718991,0.276027101913185
"x",9.92481952426578,0.0818856479709166,121.203407070685,1.41503251506029e-108
