"","Estimate","Std. Error","t value","Pr(>|t|)"
"(Intercept)",0.085595286287429,0.0975456881193091,0.877489184173231,0.382367123534753
"x",0.996756143049238,0.0209906775047268,47.4856584702796,1.88750074580587e-69
