"","Estimate","Std. Error","t value","Pr(>|t|)"
"(Intercept)",0.000954088494304273,0.0958798772337925,0.00995087313240747,0.992080712030568
"x",1.00957186362709,0.0182717359681071,55.2531990057912,1.14449549906783e-75
