"","Estimate","Std. Error","t value","Pr(>|t|)"
"(Intercept)",-0.107956350879715,0.103257756772673,-1.04550354621189,0.298362261140304
"x",1.11097592143837,0.102997590013606,10.7864263745551,2.39684415272076e-18
