"","Estimate","Std. Error","t value","Pr(>|t|)"
"(Intercept)",0.0844354642173959,0.102005439769582,0.827754523759964,0.409820727812977
"x",1.00854036692391,0.00964851802838217,104.52800771654,2.52565688449636e-102
