"","Estimate","Std. Error","t value","Pr(>|t|)"
"(Intercept)",0.0456529998593187,0.0950864947183645,0.480120757364521,0.632211460858844
"x",9.94447074760472,0.0981523852749655,101.316648798153,5.2287661699413e-101
