"","Estimate","Std. Error","t value","Pr(>|t|)"
"(Intercept)",-0.00483495890372786,0.0853736352399417,-0.0566329276027577,0.954952910935595
"x",0.806203575706033,0.0812656283389994,9.9205973322812,1.7997648375141e-16
