"","Estimate","Std. Error","t value","Pr(>|t|)"
"(Intercept)",-0.0952566051208079,0.10668584997163,-0.892870096138697,0.374114034413151
"x",9.87350702406149,0.108782176549717,90.7640142643129,2.24188956981202e-96
