"","Estimate","Std. Error","t value","Pr(>|t|)"
"(Intercept)",0.055765961276597,0.114671096850524,0.486312268812508,0.627831518581293
"x",1.00774437483905,0.118560492270793,8.49983291683167,2.15181595436921e-13
