"","Estimate","Std. Error","t value","Pr(>|t|)"
"(Intercept)",0.0766476616803094,0.103257734815517,0.74229462632751,0.459684306073817
"x",1.04136754808898,0.112573327691585,9.2505708895982,5.12333317465657e-15
