"","Estimate","Std. Error","t value","Pr(>|t|)"
"(Intercept)",0.194515879381645,0.0922886892418905,2.10768926267676,0.0376097910837184
"x",10.1022810190551,0.0816935738114878,123.660657108313,2.00457237685606e-109
