"","Estimate","Std. Error","t value","Pr(>|t|)"
"(Intercept)",0.0584137508427662,0.0985864275659245,0.592513110424912,0.554871753675479
"x",9.79247707258435,0.11023637013399,88.8316356995593,1.80150709629207e-95
