"","Estimate","Std. Error","t value","Pr(>|t|)"
"(Intercept)",0.0517024384192762,0.0914851357269028,0.565145780333276,0.573266120968598
"x",1.14226825042636,0.0953800645520113,11.9759643253699,6.74900487184734e-21
