"","Estimate","Std. Error","t value","Pr(>|t|)"
"(Intercept)",-0.0548036965158935,0.104842865934415,-0.522722228426838,0.602347332153826
"x",0.997499741203008,0.0099093998746313,100.661972856366,9.81084902075007e-101
