"","Estimate","Std. Error","t value","Pr(>|t|)"
"(Intercept)",-0.159692299976885,0.110522707130573,-1.44488227010421,0.151680893287347
"x",1.032653641636,0.0115632622205492,89.3046980981589,1.07724716954201e-95
