"","Estimate","Std. Error","t value","Pr(>|t|)"
"(Intercept)",0.120365577349251,0.094859717050907,1.26887978471047,0.20748948110242
"x",4.99099786731681,0.0845226611789577,59.0492277183452,2.05279294737667e-78
