"","Estimate","Std. Error","t value","Pr(>|t|)"
"(Intercept)",0.0106274195710479,0.0967268326076908,0.109870439096781,0.912736803897621
"x",1.01924595867305,0.0890019162673588,11.45195520972,8.86474118904006e-20
