"","Estimate","Std. Error","t value","Pr(>|t|)"
"(Intercept)",-0.09675668672796,0.107603911827459,-0.899193022676611,0.370753973417143
"x",0.482075562219777,0.1150311935409,4.19082465703856,6.09124814854456e-05
