"","Estimate","Std. Error","t value","Pr(>|t|)"
"(Intercept)",0.0618343851875616,0.0983301408868411,0.628844671937579,0.530913789828659
"x",1.00572842293537,0.0205994840038593,48.8229910393364,1.38447760712174e-70
