"","Estimate","Std. Error","t value","Pr(>|t|)"
"(Intercept)",-0.07016684329476,0.101044444427665,-0.694415647413359,0.489064565127486
"x",0.997126159357044,0.0991271298442369,10.0590641625948,9.00960555277876e-17
