"","Estimate","Std. Error","t value","Pr(>|t|)"
"(Intercept)",-0.101008417217638,0.109971063294768,-0.918499959820285,0.3606123011933
"x",4.97227583246202,0.113566575955209,43.7829157975417,3.77588572287173e-66
