"","Estimate","Std. Error","t value","Pr(>|t|)"
"(Intercept)",-0.0130386663801055,0.105519110031088,-0.123566872164331,0.901911301587796
"x",1.05383060127794,0.113126865515827,9.31547600539245,3.70482251091164e-15
