"","Estimate","Std. Error","t value","Pr(>|t|)"
"(Intercept)",0.0653862785465343,0.112972205040112,0.578781997955319,0.564064160511716
"x",0.552228801869906,0.100536184545041,5.49283627948407,3.12266340667749e-07
