"","Estimate","Std. Error","t value","Pr(>|t|)"
"(Intercept)",0.0820231766957723,0.104648261675145,0.783798750048937,0.435048502261333
"x",0.968594131310418,0.107836492871765,8.98206261643014,1.9561895423326e-14
