"","Estimate","Std. Error","t value","Pr(>|t|)"
"(Intercept)",-0.023343547337339,0.10371659509354,-0.225070513704059,0.822393072239509
"x",1.00931604471426,0.0186989189482441,53.9772404761956,1.05117243795161e-74
