"","Estimate","Std. Error","t value","Pr(>|t|)"
"(Intercept)",0.0372183640260387,0.0951853307634203,0.391009452060881,0.696639029208271
"x",0.985956916419063,0.084755816830978,11.6329115013461,3.6343664503477e-20
