"","Estimate","Std. Error","t value","Pr(>|t|)"
"(Intercept)",0.0510399785352894,0.104235184215972,0.489661709903406,0.625467610770552
"x",0.993557947126409,0.00959156923499717,103.58658972102,6.08149682184377e-102
