"","Estimate","Std. Error","t value","Pr(>|t|)"
"(Intercept)",-0.00598845302460616,0.0935211735616212,-0.0640331252971324,0.949074282264659
"x",4.93848009623382,0.0986838708235929,50.0434372407405,1.35076164624936e-71
