"","Estimate","Std. Error","t value","Pr(>|t|)"
"(Intercept)",0.000801845397621292,0.106053138169861,0.00756078897294875,0.993982790626112
"x",1.00010872036468,0.0106546392964255,93.8660326774463,8.6383855122677e-98
