"","Estimate","Std. Error","t value","Pr(>|t|)"
"(Intercept)",-0.0552488867148491,0.106605255390904,-0.518256689243515,0.605447322477613
"x",0.983824674936325,0.0208559004573392,47.1724861244299,3.51417246385884e-69
