"","Estimate","Std. Error","t value","Pr(>|t|)"
"(Intercept)",0.147980947471325,0.102722695942573,1.44058667963751,0.152888808579584
"x",9.93173244232852,0.104774431975332,94.7915656051166,3.3368419269795e-98
