"","Estimate","Std. Error","t value","Pr(>|t|)"
"(Intercept)",0.00662926973687618,0.0905394616193935,0.0732196725969507,0.941780548890042
"x",0.532944414187156,0.084723170472369,6.29042104085288,8.87435851820038e-09
