"","Estimate","Std. Error","t value","Pr(>|t|)"
"(Intercept)",0.171167873013339,0.0969182120960514,1.76610638301604,0.0804920697506867
"x",1.00603802461004,0.0100429283654463,100.173772828193,1.57272492545592e-100
