"","Estimate","Std. Error","t value","Pr(>|t|)"
"(Intercept)",0.0451579345193889,0.0986136428878001,0.457927860658878,0.648018007397192
"x",0.526243286802849,0.106048617154578,4.96228334628625,2.93632321798017e-06
