"TrueBeta","EstimatedBeta","Bias","EmpSE","MSE","Coverage","SignificantRatio"
1,0.987949411457234,-0.0120505885427657,0.0914144046245059,0.00841824412335139,1,1
