"","Estimate","Std. Error","t value","Pr(>|t|)"
"(Intercept)",-0.116313470054611,0.097324007503746,-1.19511591269127,0.234925908075375
"x",0.60567041845131,0.0946805765749793,6.39698701001961,5.4344918092535e-09
