"","Estimate","Std. Error","t value","Pr(>|t|)"
"(Intercept)",-0.0591071087389008,0.110005089579416,-0.537312491311865,0.592269721271077
"x",9.9029658538163,0.110818076319156,89.36236923384,1.01197383850068e-95
