"","Estimate","Std. Error","t value","Pr(>|t|)"
"(Intercept)",-0.048798732626058,0.102410274334322,-0.476502313300644,0.634777280117548
"x",1.01621806274108,0.101715431034923,9.99079542210431,1.26722188670936e-16
