"","Estimate","Std. Error","t value","Pr(>|t|)"
"(Intercept)",-0.0126629385485039,0.0866459631509803,-0.146145741682607,0.884106537546767
"x",0.991457833181302,0.0191985072648202,51.6424438371869,6.92402051717064e-73
