"","Estimate","Std. Error","t value","Pr(>|t|)"
"(Intercept)",-0.0311414028584166,0.101237467900206,-0.307607484702344,0.759033801860584
"x",4.81301047268075,0.10223875439049,47.076184577699,4.25754833048816e-69
