"","Estimate","Std. Error","t value","Pr(>|t|)"
"(Intercept)",0.0976468082770411,0.096928226756072,1.00741354242224,0.316217024666781
"x",1.13921711009686,0.0939738437861775,12.122704192977,3.29408484750245e-21
